report_type,title,narrative,site,activity,location,occurred_at,reporter_name,gold_sif,gold_lsr,split
UNSAFE_CONDITION,Safety concern requiring follow-up,Supervisor walkdown recorded that Permit had expired but the crew continued working on the equipment for another hour before noticing Observed during morning toolbox talk follow-up.,Site E (Terminal),General Maintenance,compressor building,2026-04-15T01:00:00,Maintenance Engineer,MEDIUM,Work Authorization,train
UNSAFE_CONDITION,Routine safety observation,Supervisor walkdown recorded that Fire watch remained in place with extinguisher ready while cutting operations proceeded under a valid hot work permit Observed during morning toolbox talk follow-up.,Site E (Terminal),Hot Work,pipe rack area,2026-08-04T05:00:00,Contractor,NON_SIF,Hot Work,test
NEAR_MISS,Safety concern requiring follow-up,Supervisor walkdown recorded that A worker leaned into the swing radius of an operating excavator for a few seconds to shout an instruction before stepping back to a safe distance Observed during morning toolbox talk follow-up.,Site C (Gas Processing),General Maintenance,excavation area,2026-02-16T10:00:00,Maintenance Engineer,MEDIUM,Line of Fire,train
NEAR_MISS,Barrier verification gap,"Permit close-out comment: Wind speed approached the crane's rated operating limit partway through a lift, and the lift was paused only after already being underway Equipment tag referenced in the PTW package.",Site C (Gas Processing),Lifting Operation,crane pad,2026-04-19T16:00:00,Field Technician,MEDIUM,Safe Mechanical Lifting,train
NEAR_MISS,Barrier verification gap,"The lift plan was in place, but the rigging inspection checklist was completed from memory rather than a physical inspection immediately before the lift.",Site B (Pipeline Corridor),Lifting Operation,crane pad,2026-02-18T12:00:00,Field Technician,MEDIUM,Safe Mechanical Lifting,train
NEAR_MISS,Potential serious injury precursor,"Ground crew were repositioning a suspended module when the tag line parted, swinging the load toward two workers who stepped clear just in time.",Site E (Terminal),Lifting Operation,module lift area,2026-05-04T09:00:00,Operator,HIGH,Line of Fire,train
NEAR_MISS,Unclear report - needs review,"A second-hand report describes a colleague nearly getting hurt earlier in the shift, without naming the activity, hazard, or location.",Site B (Pipeline Corridor),General Maintenance,unspecified area,2026-06-05T18:00:00,Contractor,REVIEW,No applicable rule,train
UNSAFE_CONDITION,Good practice observed,Isolation was completed and confirmed by the shift supervisor before the pump seal replacement began; work proceeded without incident.,Site B (Pipeline Corridor),General Maintenance,pump house,2026-08-03T01:00:00,Operator,NON_SIF,Energy Isolation,train
NEAR_MISS,Barrier verification gap,"A junior technician disconnected a hydraulic line without checking whether isolation had been confirmed, and hydraulic fluid sprayed nearby.",Site B (Pipeline Corridor),General Maintenance,hydraulic skid,2026-07-10T17:00:00,Operator,MEDIUM,Energy Isolation,train
NEAR_MISS,Potential serious injury precursor,Contractor entered a tank for inspection before the gas test was completed and the permit was signed.,Site B (Pipeline Corridor),Confined Space Entry,storage tank,2026-06-20T00:00:00,Maintenance Engineer,HIGH,Confined Space,train
NEAR_MISS,Barrier verification gap,Supervisor walkdown recorded that Cutting torch was used to remove a bracket near a vent that was not confirmed to be free of flammable vapours Observed during morning toolbox talk follow-up.,Site C (Gas Processing),Hot Work,tank farm perimeter,2026-06-09T18:00:00,Maintenance Engineer,MEDIUM,Hot Work,val
NEAR_MISS,Critical safety observation,Supervisor walkdown recorded that Line was opened before confirming isolation and residual pressure released onto the maintenance crew standing at the flange Observed during morning toolbox talk follow-up.,Site A (Upstream E&P),Pipeline Maintenance,flange assembly,2026-06-20T17:00:00,Operator,HIGH,Energy Isolation,test
UNSAFE_ACT,Potential serious injury precursor,Supervisor walkdown recorded that Worker entered the confined space without a standby attendant posted at the entry point Observed during morning toolbox talk follow-up.,Site E (Terminal),Confined Space Entry,vessel manway,2026-03-20T09:00:00,Contractor,HIGH,Confined Space,train
INCIDENT,Critical safety observation,Supervisor walkdown recorded that Worker was struck by a swinging pipe section during positioning after the tag line was released early Observed during morning toolbox talk follow-up.,Site B (Pipeline Corridor),Lifting Operation,pipe handling area,2026-06-08T08:00:00,Contractor,HIGH,Line of Fire,train
UNSAFE_CONDITION,Good practice observed,Supervisor walkdown recorded that Employee mentioned the word 'fall' while describing a decline in the site's monthly safety scores during a toolbox talk Observed during morning toolbox talk follow-up.,Site C (Gas Processing),General Maintenance,toolbox talk area,2026-06-15T16:00:00,Shift Supervisor,NON_SIF,No applicable rule,test
UNSAFE_CONDITION,Minor administrative item,"Crew maintained a safe distance from the suspended load throughout the lift, with the exclusion zone barricaded and supervised.",Site C (Gas Processing),Lifting Operation,laydown yard,2026-07-31T17:00:00,Field Technician,NON_SIF,Line of Fire,test
NEAR_MISS,Safety concern requiring follow-up,Permit close-out comment: A worker briefly stood within the marked exclusion zone to adjust a tag line before stepping back out as the lift resumed Equipment tag referenced in the PTW package.,Site A (Upstream E&P),Lifting Operation,crane lift zone,2026-06-11T09:00:00,Field Technician,MEDIUM,Line of Fire,train
NEAR_MISS,Critical safety observation,"Rig floor crew handled a stand of drill pipe without confirming the derrickman's readiness signal, causing a brief swing of the pipe near ground crew.",Site C (Gas Processing),Drilling Operations,rig floor,2026-06-06T05:00:00,Contractor,HIGH,Line of Fire,train
UNSAFE_CONDITION,Minor safety observation,"Loose cable tie found on walkway, no one nearby, corrected on the spot.",Site B (Pipeline Corridor),General Maintenance,site walkway,2026-02-19T20:00:00,Shift Supervisor,LOW,Working at Height,train
UNSAFE_CONDITION,Potential serious injury precursor,"A contractor began hot-tapping a live line under a permit that had actually been issued for a different, unrelated task.",Site C (Gas Processing),Pipeline Maintenance,live tie-in point,2026-05-13T01:00:00,Field Technician,HIGH,Work Authorization,train
UNSAFE_ACT,Near miss - review recommended,Supervisor walkdown recorded that Driver was using a mobile phone while driving between well sites on the access road Observed during morning toolbox talk follow-up.,Site D (Drilling Rig),Driving / Vehicle Movement,site access road,2026-05-18T01:00:00,Contractor,MEDIUM,Driving,train
NEAR_MISS,Potential serious injury precursor,Supervisor walkdown recorded that Technician opened a flange before confirming isolation. Residual pressure was released. No injury occurred Observed during morning toolbox talk follow-up.,Site C (Gas Processing),Pipeline Maintenance,flange near separator unit 3,2026-06-13T17:00:00,Maintenance Engineer,HIGH,Energy Isolation,test
UNSAFE_CONDITION,Routine safety observation,"Supervisor walkdown recorded that Continuous gas monitoring was maintained throughout the vessel entry, with the attendant never leaving the entry point and communication checks every 15 minutes Observed during morning toolbox talk follow-up.",Site C (Gas Processing),Confined Space Entry,process vessel manway,2026-03-13T16:00:00,Field Technician,NON_SIF,Confined Space,train
NEAR_MISS,Near miss - review recommended,"Supervisor walkdown recorded that A worker's harness lanyard was found unclipped for a brief period while repositioning on the scaffold, then reconnected immediately Observed during morning toolbox talk follow-up.",Site C (Gas Processing),Working at Height,scaffold platform level 2,2026-07-04T01:00:00,Operator,MEDIUM,Working at Height,train
NEAR_MISS,Safety concern requiring follow-up,Supervisor walkdown recorded that A worker briefly unclipped a fall-arrest lanyard to reposition along a narrow platform before re-clipping to the next anchor point a few steps later Observed during morning toolbox talk follow-up.,Site A (Upstream E&P),Working at Height,elevated walkway,2026-04-02T10:00:00,Maintenance Engineer,MEDIUM,Working at Height,test
UNSAFE_CONDITION,Good practice observed,"A journey management plan was filed, the vehicle passed its pre-trip inspection, and the driver took the scheduled rest break during the long-distance transfer.",Site A (Upstream E&P),Driving / Vehicle Movement,field access road,2026-08-09T03:00:00,Shift Supervisor,NON_SIF,Driving,test
NEAR_MISS,High-risk near miss,Supervisor walkdown recorded that A light vehicle lost traction on a graded haul road and slid toward the road edge before the driver regained control Observed during morning toolbox talk follow-up.,Site D (Drilling Rig),Driving / Vehicle Movement,haul road,2026-07-18T17:00:00,Operator,HIGH,Driving,train
NEAR_MISS,Barrier verification gap,Permit close-out comment: The isolation checklist for a pump seal job was signed off before the final zero-energy check had actually been walked down by the permit holder Equipment tag referenced in the PTW package.,Site C (Gas Processing),General Maintenance,pump seal station,2026-02-17T20:00:00,Contractor,MEDIUM,Energy Isolation,train
UNSAFE_CONDITION,Housekeeping item,"A rigging inspection tag had a smudged date that was difficult to read, though the sling itself was confirmed within its inspection interval by the rigging register.",Site E (Terminal),Lifting Operation,rigging yard,2026-06-13T08:00:00,Operator,LOW,Safe Mechanical Lifting,test
UNSAFE_CONDITION,Good practice observed,"Driver completed the journey management checklist, wore a seatbelt, and observed the posted speed limit throughout the trip.",Site C (Gas Processing),Driving / Vehicle Movement,field access road,2026-05-22T05:00:00,Maintenance Engineer,NON_SIF,Driving,val
NEAR_MISS,Near miss - review recommended,"Supervisor walkdown recorded that A near-miss involving a dropped tool was reported verbally at shift handover, but the exact height and location were not recorded before the report was logged Observed during morning toolbox talk follow-up.",Site E (Terminal),General Maintenance,unspecified elevated area,2026-08-09T23:00:00,HSE Officer,MEDIUM,Working at Height,val
NEAR_MISS,Potential serious injury precursor,Line was opened before confirming isolation and residual pressure released onto the maintenance crew standing at the flange.,Site D (Drilling Rig),Pipeline Maintenance,flange assembly,2026-03-16T11:00:00,Field Technician,HIGH,Energy Isolation,test
UNSAFE_ACT,Near miss - review recommended,Supervisor walkdown recorded that A driver briefly checked a text message at a stop sign before continuing the journey on the site access road Observed during morning toolbox talk follow-up.,Site B (Pipeline Corridor),Driving / Vehicle Movement,site access road,2026-07-27T10:00:00,Operator,MEDIUM,Driving,test
NEAR_MISS,Near miss - review recommended,"Supervisor walkdown recorded that The lift plan was in place, but the rigging inspection checklist was completed from memory rather than a physical inspection immediately before the lift Observed during morning toolbox talk follow-up.",Site C (Gas Processing),Lifting Operation,crane pad,2026-02-23T07:00:00,Shift Supervisor,MEDIUM,Safe Mechanical Lifting,train
UNSAFE_CONDITION,Good practice observed,Exclusion zone was properly established and enforced around the lifting operation; no personnel entered the line of fire.,Site A (Upstream E&P),Lifting Operation,crane lift zone,2026-08-14T05:00:00,Contractor,NON_SIF,Line of Fire,train
UNSAFE_CONDITION,Housekeeping item,A worn floor mat was noticed near the workshop entrance; scheduled for replacement during the next maintenance round.,Site D (Drilling Rig),General Maintenance,workshop entrance,2026-05-07T14:00:00,Maintenance Engineer,LOW,No applicable rule,train
NEAR_MISS,Safety concern requiring follow-up,"A near-miss involving a dropped tool was reported verbally at shift handover, but the exact height and location were not recorded before the report was logged.",Site C (Gas Processing),General Maintenance,unspecified elevated area,2026-07-22T03:00:00,Maintenance Engineer,MEDIUM,Working at Height,val
UNSAFE_CONDITION,Minor safety observation,A confined-space entry permit was found with a minor administrative field left blank after the job was already complete; no safety control was actually missing during the work.,Site B (Pipeline Corridor),Confined Space Entry,vessel entry point,2026-06-17T03:00:00,Maintenance Engineer,LOW,Confined Space,train
UNSAFE_CONDITION,Minor safety observation,Supervisor walkdown recorded that A vehicle's tire pressure was found slightly below the recommended level during a routine check; corrected before the vehicle was dispatched Observed during morning toolbox talk follow-up.,Site B (Pipeline Corridor),Driving / Vehicle Movement,vehicle yard,2026-03-12T13:00:00,Maintenance Engineer,LOW,Driving,train
UNSAFE_CONDITION,Minor safety observation,Supervisor walkdown recorded that A worn floor mat was noticed near the workshop entrance; scheduled for replacement during the next maintenance round Observed during morning toolbox talk follow-up.,Site B (Pipeline Corridor),General Maintenance,workshop entrance,2026-04-17T20:00:00,Contractor,LOW,No applicable rule,train
UNSAFE_CONDITION,Minor administrative item,Pre-tour safety meeting confirmed all rig floor personnel positions before pipe handling began; operation proceeded without incident.,Site A (Upstream E&P),Drilling Operations,rig floor,2026-06-13T10:00:00,Operator,NON_SIF,Line of Fire,train
UNSAFE_CONDITION,Minor administrative item,"Supervisor walkdown recorded that Isolation was correctly applied, tagged, and verified using a zero-energy check before the technician began pump maintenance Observed during morning toolbox talk follow-up.",Site C (Gas Processing),General Maintenance,pump station,2026-07-29T18:00:00,Maintenance Engineer,NON_SIF,Energy Isolation,val
UNSAFE_CONDITION,Routine safety observation,Supervisor walkdown recorded that Fall-arrest harness was worn and correctly anchored throughout the scaffold inspection; no issues noted Observed during morning toolbox talk follow-up.,Site E (Terminal),Working at Height,scaffold platform,2026-05-30T03:00:00,HSE Officer,NON_SIF,Working at Height,val
UNSAFE_CONDITION,Potential serious injury precursor,"The permit for the confined space entry had expired an hour earlier, but the crew continued working inside the vessel.",Site E (Terminal),Confined Space Entry,separator vessel,2026-03-30T00:00:00,HSE Officer,HIGH,Confined Space,train
UNSAFE_CONDITION,Routine safety observation,The area authority reviewed and re-validated the permit at shift handover before work continued into the second shift.,Site A (Upstream E&P),General Maintenance,process unit,2026-04-08T16:00:00,Shift Supervisor,NON_SIF,Work Authorization,train
NEAR_MISS,Critical safety observation,Supervisor walkdown recorded that Welding was carried out near an open drum of solvent without a fire watch or a gas test Observed during morning toolbox talk follow-up.,Site D (Drilling Rig),Hot Work,maintenance workshop,2026-02-17T01:00:00,Maintenance Engineer,HIGH,Hot Work,train
UNSAFE_ACT,High-risk near miss,Permit close-out comment: Technician climbed onto an elevated platform without a harness to inspect equipment Equipment tag referenced in the PTW package.,Site D (Drilling Rig),Working at Height,process structure platform,2026-03-28T02:00:00,Operator,HIGH,Working at Height,test
NEAR_MISS,Barrier verification gap,Permit close-out comment: LOTO tags were applied but the isolation point was never physically verified with a zero-energy check before valve removal began Equipment tag referenced in the PTW package.,Site C (Gas Processing),Pipeline Maintenance,valve manifold,2026-02-16T03:00:00,Field Technician,MEDIUM,Energy Isolation,val
NEAR_MISS,Potential serious injury precursor,A light vehicle lost traction on a graded haul road and slid toward the road edge before the driver regained control.,Site C (Gas Processing),Driving / Vehicle Movement,haul road,2026-04-20T15:00:00,Contractor,HIGH,Driving,train
NEAR_MISS,Critical safety observation,Supervisor walkdown recorded that A worker entered a drained tank for a visual inspection while the standby attendant briefly left the entry point to retrieve additional equipment Observed during morning toolbox talk follow-up.,Site D (Drilling Rig),Confined Space Entry,storage tank manway,2026-02-19T15:00:00,Contractor,HIGH,Confined Space,train
UNSAFE_CONDITION,Routine safety observation,"Supervisor walkdown recorded that Hot work permit was issued, gas test confirmed clear, and a dedicated fire watch was posted for the full duration of the welding Observed during morning toolbox talk follow-up.",Site E (Terminal),Hot Work,fabrication yard,2026-07-28T03:00:00,Contractor,NON_SIF,Hot Work,val
UNSAFE_CONDITION,High-risk near miss,"Permit close-out comment: A contractor began hot-tapping a live line under a permit that had actually been issued for a different, unrelated task Equipment tag referenced in the PTW package.",Site B (Pipeline Corridor),Pipeline Maintenance,live tie-in point,2026-07-12T07:00:00,Operator,HIGH,Work Authorization,train
UNSAFE_CONDITION,Routine safety observation,"Supervisor walkdown recorded that Gas test was completed and confirmed clear, permit was signed, and the standby attendant remained at the entry point throughout the work Observed during morning toolbox talk follow-up.",Site C (Gas Processing),Confined Space Entry,vessel entry point,2026-07-18T17:00:00,HSE Officer,NON_SIF,Confined Space,train
NEAR_MISS,Critical safety observation,A dropped wrench fell from an elevated platform and landed close to a worker standing directly below the work area.,Site C (Gas Processing),General Maintenance,elevated platform,2026-04-08T19:00:00,Field Technician,HIGH,Line of Fire,test
NEAR_MISS,Barrier verification gap,A worker briefly stood within the marked exclusion zone to adjust a tag line before stepping back out as the lift resumed.,Site B (Pipeline Corridor),Lifting Operation,crane lift zone,2026-07-20T00:00:00,Shift Supervisor,MEDIUM,Line of Fire,train
UNSAFE_CONDITION,Potential serious injury precursor,"Supervisor walkdown recorded that Interlock was defeated to allow the pump to run with the guard open, exposing the coupling Observed during morning toolbox talk follow-up.",Site A (Upstream E&P),General Maintenance,pump house,2026-07-18T11:00:00,HSE Officer,HIGH,Bypassing Safety Controls,train
UNSAFE_CONDITION,Good practice observed,Printer in the site office was out of toner; IT was notified to replace the cartridge.,Site B (Pipeline Corridor),General Maintenance,site office,2026-06-21T22:00:00,Contractor,NON_SIF,No applicable rule,val
NEAR_MISS,Near miss - review recommended,"Supervisor walkdown recorded that Gas testing was completed before entry, but the results were not re-verified after a 45-minute delay before the crew actually entered the vessel Observed during morning toolbox talk follow-up.",Site B (Pipeline Corridor),Confined Space Entry,process vessel,2026-03-02T20:00:00,HSE Officer,MEDIUM,Confined Space,train
UNSAFE_CONDITION,Minor administrative item,"Supervisor walkdown recorded that A journey management plan was filed, the vehicle passed its pre-trip inspection, and the driver took the scheduled rest break during the long-distance transfer Observed during morning toolbox talk follow-up.",Site A (Upstream E&P),Driving / Vehicle Movement,field access road,2026-03-23T03:00:00,Field Technician,NON_SIF,Driving,test
UNSAFE_CONDITION,Good practice observed,Supervisor walkdown recorded that Printer in the site office was out of toner; IT was notified to replace the cartridge Observed during morning toolbox talk follow-up.,Site C (Gas Processing),General Maintenance,site office,2026-03-29T10:00:00,Field Technician,NON_SIF,No applicable rule,val
UNSAFE_CONDITION,Routine safety observation,A near-miss reporting refresher was held for new hires with no actual incidents discussed.,Site B (Pipeline Corridor),General Maintenance,training room,2026-04-30T04:00:00,Contractor,NON_SIF,No applicable rule,train
INCIDENT,Potential serious injury precursor,Permit close-out comment: Technician felt dizzy shortly after entering a tank; gas test results were later found to have been recorded before ventilation was complete Equipment tag referenced in the PTW package.,Site D (Drilling Rig),Confined Space Entry,process vessel,2026-03-27T21:00:00,Maintenance Engineer,HIGH,Confined Space,train
INCIDENT,Potential serious injury precursor,"Supervisor walkdown recorded that Electrician started work on a control panel before confirming it was de-energized, receiving a minor shock from a live wire Observed during morning toolbox talk follow-up.",Site D (Drilling Rig),Electrical Work,switchgear room,2026-03-17T16:00:00,HSE Officer,HIGH,Energy Isolation,val
UNSAFE_CONDITION,Good practice observed,"Supervisor walkdown recorded that Driver completed the journey management checklist, wore a seatbelt, and observed the posted speed limit throughout the trip Observed during morning toolbox talk follow-up.",Site A (Upstream E&P),Driving / Vehicle Movement,field access road,2026-05-30T08:00:00,Maintenance Engineer,NON_SIF,Driving,val
UNSAFE_CONDITION,Housekeeping item,A section of perimeter fencing showed minor sagging well away from any live work area; scheduled for tensioning.,Site D (Drilling Rig),General Maintenance,site perimeter,2026-05-12T18:00:00,Contractor,LOW,No applicable rule,train
UNSAFE_CONDITION,Good practice observed,"Isolation was correctly applied, tagged, and verified using a zero-energy check before the technician began pump maintenance.",Site C (Gas Processing),General Maintenance,pump station,2026-06-17T23:00:00,Contractor,NON_SIF,Energy Isolation,val
NEAR_MISS,Barrier verification gap,"Wind speed approached the crane's rated operating limit partway through a lift, and the lift was paused only after already being underway.",Site B (Pipeline Corridor),Lifting Operation,crane pad,2026-05-09T05:00:00,HSE Officer,MEDIUM,Safe Mechanical Lifting,train
UNSAFE_CONDITION,Minor administrative item,Emergency shower and eyewash stations were checked and flushed as part of the monthly inspection with no faults found.,Site E (Terminal),General Maintenance,process unit,2026-02-24T01:00:00,Operator,NON_SIF,No applicable rule,train
UNSAFE_CONDITION,Routine safety observation,Supervisor walkdown recorded that Toolbox talk was held before the shift and all attendees signed the safety briefing register; no concerns raised Observed during morning toolbox talk follow-up.,Site A (Upstream E&P),General Maintenance,muster point,2026-07-04T15:00:00,Operator,NON_SIF,No applicable rule,val
NEAR_MISS,Barrier verification gap,"A relief valve was assumed to have vented residual pressure fully, but no confirmatory bleed-down check was performed before the flange bolts were loosened.",Site D (Drilling Rig),Pipeline Maintenance,flange near pressure vessel,2026-06-19T12:00:00,HSE Officer,MEDIUM,Energy Isolation,train
UNSAFE_CONDITION,High-risk near miss,"Supervisor walkdown recorded that A safety shower interlock on a chemical loading line was bypassed to speed up changeover, without documented authorization Observed during morning toolbox talk follow-up.",Site A (Upstream E&P),General Maintenance,chemical loading bay,2026-03-09T07:00:00,Operator,HIGH,Bypassing Safety Controls,val
NEAR_MISS,High-risk near miss,Supervisor walkdown recorded that Worker leaned out from a scaffold platform to reach a valve without re-anchoring the fall-arrest lanyard Observed during morning toolbox talk follow-up.,Site C (Gas Processing),Working at Height,elevated scaffold platform,2026-07-28T00:00:00,Operator,HIGH,Working at Height,train
UNSAFE_ACT,High-risk near miss,Operator bypassed the high-pressure trip alarm to keep the unit running during startup.,Site A (Upstream E&P),General Maintenance,control room,2026-08-03T17:00:00,Operator,HIGH,Bypassing Safety Controls,train
NEAR_MISS,Critical safety observation,"Permit close-out comment: Grinding continued after the fire watch was called away to answer a radio call, with no relief watch posted in the interim Equipment tag referenced in the PTW package.",Site B (Pipeline Corridor),Hot Work,workshop grinding station,2026-06-02T10:00:00,Contractor,HIGH,Hot Work,train
NEAR_MISS,Safety concern requiring follow-up,Supervisor walkdown recorded that A pipe spool being lowered onto the pipe rack swung briefly toward a worker who was still inside the marked exclusion zone finishing an unrelated task Observed during morning toolbox talk follow-up.,Site A (Upstream E&P),Lifting Operation,pipe rack area,2026-07-05T17:00:00,Operator,MEDIUM,Line of Fire,train
UNSAFE_CONDITION,Barrier verification gap,"Supervisor walkdown recorded that A low-level alarm was silenced during a known sensor fault, with a manual round-the-clock check substituted, but the substitute check was missed for one shift Observed during morning toolbox talk follow-up.",Site D (Drilling Rig),General Maintenance,control room,2026-05-12T03:00:00,Maintenance Engineer,MEDIUM,Bypassing Safety Controls,val
UNSAFE_CONDITION,Minor administrative item,Supervisor walkdown recorded that New contractor completed the site safety induction and PPE fitting before being escorted to the work area by the site host Observed during morning toolbox talk follow-up.,Site A (Upstream E&P),General Maintenance,site induction room,2026-02-17T15:00:00,Operator,NON_SIF,No applicable rule,test
UNSAFE_CONDITION,Routine safety observation,Supervisor walkdown recorded that A near-miss reporting refresher was held for new hires with no actual incidents discussed Observed during morning toolbox talk follow-up.,Site E (Terminal),General Maintenance,training room,2026-05-02T16:00:00,Maintenance Engineer,NON_SIF,No applicable rule,train
NEAR_MISS,Barrier verification gap,Cutting torch was used to remove a bracket near a vent that was not confirmed to be free of flammable vapours.,Site C (Gas Processing),Hot Work,tank farm perimeter,2026-02-27T06:00:00,Operator,MEDIUM,Hot Work,val
UNSAFE_CONDITION,Routine safety observation,"Supervisor walkdown recorded that A temporary bypass of a non-critical alarm was authorized, time-limited, logged in the shift log, and removed exactly as scheduled Observed during morning toolbox talk follow-up.",Site A (Upstream E&P),General Maintenance,control room,2026-07-10T23:00:00,Shift Supervisor,NON_SIF,Bypassing Safety Controls,test
UNSAFE_CONDITION,Routine safety observation,A spill of a small amount of water from a leaking tap was reported in the break room and mopped up promptly.,Site A (Upstream E&P),General Maintenance,break room,2026-04-21T16:00:00,Maintenance Engineer,NON_SIF,No applicable rule,train
NEAR_MISS,Potential serious injury precursor,Permit close-out comment: Grinding work generated sparks near an area where flammable vapours were later confirmed present Equipment tag referenced in the PTW package.,Site D (Drilling Rig),Hot Work,process area near tank farm,2026-04-08T08:00:00,Field Technician,HIGH,Hot Work,train
UNSAFE_CONDITION,Housekeeping item,A safety cone marking the edge of the lift exclusion zone had been knocked over by wind; no lifting was in progress and the cone was reset immediately.,Site E (Terminal),Lifting Operation,laydown yard perimeter,2026-03-17T11:00:00,Operator,LOW,Line of Fire,train
UNSAFE_CONDITION,Minor safety observation,Supervisor walkdown recorded that A safety cone marking the edge of the lift exclusion zone had been knocked over by wind; no lifting was in progress and the cone was reset immediately Observed during morning toolbox talk follow-up.,Site E (Terminal),Lifting Operation,laydown yard perimeter,2026-07-30T05:00:00,HSE Officer,LOW,Line of Fire,train
UNSAFE_CONDITION,Minor safety observation,"A small oil stain was found on the concrete near the pump house, well away from any walkway; absorbent applied and area monitored.",Site A (Upstream E&P),General Maintenance,pump house apron,2026-03-16T06:00:00,Field Technician,LOW,No applicable rule,train
UNSAFE_CONDITION,Minor safety observation,"Supervisor walkdown recorded that A small oil stain was found on the concrete near the pump house, well away from any walkway; absorbent applied and area monitored Observed during morning toolbox talk follow-up.",Site D (Drilling Rig),General Maintenance,pump house apron,2026-07-11T10:00:00,Field Technician,LOW,No applicable rule,train
UNSAFE_CONDITION,Good practice observed,Supervisor walkdown recorded that Spill kit inventory check was completed for the month with all items accounted for and in good condition Observed during morning toolbox talk follow-up.,Site E (Terminal),General Maintenance,spill response locker,2026-04-27T03:00:00,Field Technician,NON_SIF,No applicable rule,train
NEAR_MISS,High-risk near miss,"Permit close-out comment: Rig floor crew handled a stand of drill pipe without confirming the derrickman's readiness signal, causing a brief swing of the pipe near ground crew Equipment tag referenced in the PTW package.",Site C (Gas Processing),Drilling Operations,rig floor,2026-06-13T22:00:00,Contractor,HIGH,Line of Fire,train
UNSAFE_CONDITION,Minor safety observation,"Damaged floor tile noticed near the canteen entrance; low foot traffic area, no one nearby, flagged for repair.",Site B (Pipeline Corridor),General Maintenance,canteen entrance,2026-04-29T07:00:00,Contractor,LOW,No applicable rule,val
UNSAFE_CONDITION,Minor safety observation,Supervisor walkdown recorded that A scaffold inspection tag showed the next-due date was two days away; the scaffold itself passed a visual check with no defects noted Observed during morning toolbox talk follow-up.,Site B (Pipeline Corridor),Working at Height,scaffold platform,2026-04-10T23:00:00,Operator,LOW,Working at Height,train
UNSAFE_CONDITION,Routine safety observation,"Continuous gas monitoring was maintained throughout the vessel entry, with the attendant never leaving the entry point and communication checks every 15 minutes.",Site E (Terminal),Confined Space Entry,process vessel manway,2026-07-25T05:00:00,Contractor,NON_SIF,Confined Space,train
NEAR_MISS,Critical safety observation,"Permit close-out comment: Employee stood in the pinch point between a pipe and the crane hook while positioning the load, and had to step back quickly Equipment tag referenced in the PTW package.",Site D (Drilling Rig),Lifting Operation,pipe rack laydown area,2026-08-14T01:00:00,Shift Supervisor,HIGH,Line of Fire,val
NEAR_MISS,High-risk near miss,"Permit close-out comment: A valve believed to be isolated was found still partly open when the technician began removing its actuator, releasing a small amount of process fluid Equipment tag referenced in the PTW package.",Site B (Pipeline Corridor),Pipeline Maintenance,actuator removal point,2026-05-31T17:00:00,HSE Officer,HIGH,Energy Isolation,train
UNSAFE_CONDITION,Routine safety observation,"All scaffold guardrails and toe boards were verified in place by a competent person before work began, and harnesses were double-checked at the access point.",Site D (Drilling Rig),Working at Height,scaffold access point,2026-06-27T02:00:00,Operator,NON_SIF,Working at Height,test
NEAR_MISS,Safety concern requiring follow-up,A worker's fall-arrest lanyard was connected to a handrail rather than a certified anchor point for part of a scaffold task.,Site C (Gas Processing),Working at Height,scaffold platform,2026-04-06T01:00:00,Field Technician,MEDIUM,Working at Height,test
UNSAFE_CONDITION,Housekeeping item,Handrail on a low internal staircase had slight surface rust noted during a routine walk-down; flagged for a future paint touch-up.,Site C (Gas Processing),General Maintenance,internal staircase,2026-06-09T12:00:00,HSE Officer,LOW,Working at Height,train
NEAR_MISS,Near miss - review recommended,"A hot work permit was issued and a fire watch posted, but the gas test was performed slightly outside the actual radius of the welding point.",Site E (Terminal),Hot Work,fabrication bay,2026-05-26T16:00:00,Field Technician,MEDIUM,Hot Work,train
INCIDENT,High-risk near miss,Worker was struck by a swinging pipe section during positioning after the tag line was released early.,Site E (Terminal),Lifting Operation,pipe handling area,2026-07-13T03:00:00,Operator,HIGH,Line of Fire,train
NEAR_MISS,Potential serious injury precursor,Permit close-out comment: Vehicle reversing near the workshop nearly struck a pedestrian who stepped out without checking; the driver stopped in time Equipment tag referenced in the PTW package.,Site D (Drilling Rig),Driving / Vehicle Movement,workshop yard,2026-02-22T01:00:00,Operator,HIGH,Driving,val
UNSAFE_CONDITION,Minor administrative item,Supervisor walkdown recorded that Isolation was completed and confirmed by the shift supervisor before the pump seal replacement began; work proceeded without incident Observed during morning toolbox talk follow-up.,Site A (Upstream E&P),General Maintenance,pump house,2026-05-10T22:00:00,Shift Supervisor,NON_SIF,Energy Isolation,train
NEAR_MISS,Barrier verification gap,"Supervisor walkdown recorded that A junior technician disconnected a hydraulic line without checking whether isolation had been confirmed, and hydraulic fluid sprayed nearby Observed during morning toolbox talk follow-up.",Site E (Terminal),General Maintenance,hydraulic skid,2026-06-08T01:00:00,Contractor,MEDIUM,Energy Isolation,train
UNSAFE_CONDITION,Good practice observed,"Supervisor walkdown recorded that Tag lines and rigging were inspected before the lift, the exclusion zone was clearly barricaded, and a dedicated banksman controlled all pedestrian access throughout Observed during morning toolbox talk follow-up.",Site E (Terminal),Lifting Operation,crane lift zone,2026-05-09T10:00:00,Shift Supervisor,NON_SIF,Line of Fire,test
UNSAFE_CONDITION,Minor safety observation,Supervisor walkdown recorded that A confined-space entry permit was found with a minor administrative field left blank after the job was already complete; no safety control was actually missing during the work Observed during morning toolbox talk follow-up.,Site C (Gas Processing),Confined Space Entry,vessel entry point,2026-03-20T23:00:00,Contractor,LOW,Confined Space,train
NEAR_MISS,High-risk near miss,Crane lift proceeded without a documented lift plan and the exclusion zone was not established.,Site D (Drilling Rig),Lifting Operation,crane pad,2026-08-04T15:00:00,Field Technician,HIGH,Safe Mechanical Lifting,train
NEAR_MISS,Near miss - review recommended,"Permit close-out comment: Minor slip on a wet floor near a stairwell railing, no injury Equipment tag referenced in the PTW package.",Site A (Upstream E&P),General Maintenance,stairwell landing,2026-03-05T11:00:00,Field Technician,MEDIUM,Working at Height,test
NEAR_MISS,Safety concern requiring follow-up,"Permit close-out comment: Welding screens were used to control sparks, but a small gap at the base of one screen was only noticed and closed partway through the job Equipment tag referenced in the PTW package.",Site E (Terminal),Hot Work,process area near tank farm,2026-07-08T12:00:00,Operator,MEDIUM,Hot Work,test
UNSAFE_CONDITION,Minor administrative item,Crew completed a positive observation card noting good use of PPE and correct barricading during a routine maintenance task.,Site A (Upstream E&P),General Maintenance,process unit,2026-03-05T10:00:00,HSE Officer,NON_SIF,No applicable rule,train
NEAR_MISS,Potential serious injury precursor,Supervisor walkdown recorded that Crane lift proceeded without a documented lift plan and the exclusion zone was not established Observed during morning toolbox talk follow-up.,Site C (Gas Processing),Lifting Operation,crane pad,2026-06-22T03:00:00,Maintenance Engineer,HIGH,Safe Mechanical Lifting,train
NEAR_MISS,Near miss - review recommended,Permit close-out comment: A pipe spool being lowered onto the pipe rack swung briefly toward a worker who was still inside the marked exclusion zone finishing an unrelated task Equipment tag referenced in the PTW package.,Site A (Upstream E&P),Lifting Operation,pipe rack area,2026-07-06T00:00:00,Contractor,MEDIUM,Line of Fire,train
NEAR_MISS,Potential serious injury precursor,Supervisor walkdown recorded that Vehicle reversing near the workshop nearly struck a pedestrian who stepped out without checking; the driver stopped in time Observed during morning toolbox talk follow-up.,Site C (Gas Processing),Driving / Vehicle Movement,workshop yard,2026-03-26T20:00:00,Contractor,HIGH,Driving,val
NEAR_MISS,Near miss - review recommended,Permit close-out comment: Cutting torch was used to remove a bracket near a vent that was not confirmed to be free of flammable vapours Equipment tag referenced in the PTW package.,Site C (Gas Processing),Hot Work,tank farm perimeter,2026-06-14T16:00:00,HSE Officer,MEDIUM,Hot Work,val
UNSAFE_CONDITION,Housekeeping item,"Supervisor walkdown recorded that A minor drip from a pressure gauge fitting was noted during a routine walk-down, well below the alarm threshold; logged for the next inspection Observed during morning toolbox talk follow-up.",Site B (Pipeline Corridor),General Maintenance,gauge panel,2026-04-17T02:00:00,Shift Supervisor,LOW,Energy Isolation,train
UNSAFE_CONDITION,Routine safety observation,Worker wore a full harness with the lanyard properly anchored to the designated point while working on the elevated platform.,Site D (Drilling Rig),Working at Height,elevated walkway,2026-06-08T21:00:00,Maintenance Engineer,NON_SIF,Working at Height,train
UNSAFE_CONDITION,Routine safety observation,"Supervisor walkdown recorded that All scaffold guardrails and toe boards were verified in place by a competent person before work began, and harnesses were double-checked at the access point Observed during morning toolbox talk follow-up.",Site D (Drilling Rig),Working at Height,scaffold access point,2026-06-16T11:00:00,Shift Supervisor,NON_SIF,Working at Height,test
UNSAFE_CONDITION,Minor administrative item,An employee raised a general concern about workload during a shift handover meeting; no physical hazard described.,Site E (Terminal),General Maintenance,shift handover point,2026-02-18T00:00:00,Contractor,NON_SIF,No applicable rule,train
UNSAFE_CONDITION,High-risk near miss,"Supervisor walkdown recorded that The permit for the confined space entry had expired an hour earlier, but the crew continued working inside the vessel Observed during morning toolbox talk follow-up.",Site B (Pipeline Corridor),Confined Space Entry,separator vessel,2026-05-02T09:00:00,HSE Officer,HIGH,Confined Space,train
NEAR_MISS,Potential serious injury precursor,"Maintenance crew began breaking a flange connection while the isolation valve was only tagged, not physically locked, after the assigned lock key was misplaced.",Site C (Gas Processing),Pipeline Maintenance,flange connection point,2026-06-29T09:00:00,Shift Supervisor,HIGH,Energy Isolation,val
UNSAFE_CONDITION,Good practice observed,Supervisor walkdown recorded that Crane operator followed the approved lift plan and confirmed all rigging hardware was within inspection date before starting the lift Observed during morning toolbox talk follow-up.,Site A (Upstream E&P),Lifting Operation,module lift zone,2026-02-27T18:00:00,Shift Supervisor,NON_SIF,Safe Mechanical Lifting,val
UNSAFE_CONDITION,Routine safety observation,Fall-arrest harness was worn and correctly anchored throughout the scaffold inspection; no issues noted.,Site B (Pipeline Corridor),Working at Height,scaffold platform,2026-02-28T08:00:00,Maintenance Engineer,NON_SIF,Working at Height,val
UNSAFE_CONDITION,Good practice observed,"Supervisor walkdown recorded that The lift plan, rigging certification, and exclusion zone were all verified by the lift supervisor immediately before the crane began the pick Observed during morning toolbox talk follow-up.",Site C (Gas Processing),Lifting Operation,crane lift area,2026-05-15T13:00:00,HSE Officer,NON_SIF,Safe Mechanical Lifting,val
NEAR_MISS,Barrier verification gap,"Welding screens were used to control sparks, but a small gap at the base of one screen was only noticed and closed partway through the job.",Site E (Terminal),Hot Work,process area near tank farm,2026-06-01T08:00:00,Shift Supervisor,MEDIUM,Hot Work,test
NEAR_MISS,Critical safety observation,Permit close-out comment: Worker leaned out from a scaffold platform to reach a valve without re-anchoring the fall-arrest lanyard Equipment tag referenced in the PTW package.,Site E (Terminal),Working at Height,elevated scaffold platform,2026-07-20T22:00:00,HSE Officer,HIGH,Working at Height,train
UNSAFE_CONDITION,Near miss - review recommended,Maintenance work began without a valid work permit being issued for the task.,Site C (Gas Processing),General Maintenance,process unit,2026-03-22T15:00:00,Operator,MEDIUM,Work Authorization,train
NEAR_MISS,Barrier verification gap,"A worker briefly entered the exclusion zone near rotating equipment to retrieve a dropped glove, then stepped back out immediately.",Site C (Gas Processing),General Maintenance,rotating equipment area,2026-05-27T12:00:00,Maintenance Engineer,MEDIUM,Line of Fire,test
UNSAFE_CONDITION,Minor administrative item,"Supervisor walkdown recorded that A hot work permit, continuous gas monitoring and a fully equipped fire watch with an extinguisher were all in place for the entire duration of the cutting job Observed during morning toolbox talk follow-up.",Site B (Pipeline Corridor),Hot Work,pipe fabrication yard,2026-07-05T15:00:00,Field Technician,NON_SIF,Hot Work,train
NEAR_MISS,High-risk near miss,Worker leaned out from a scaffold platform to reach a valve without re-anchoring the fall-arrest lanyard.,Site A (Upstream E&P),Working at Height,elevated scaffold platform,2026-02-24T04:00:00,Contractor,HIGH,Working at Height,train
NEAR_MISS,High-risk near miss,"Employee stood in the pinch point between a pipe and the crane hook while positioning the load, and had to step back quickly.",Site E (Terminal),Lifting Operation,pipe rack laydown area,2026-02-21T07:00:00,Maintenance Engineer,HIGH,Line of Fire,val
NEAR_MISS,Safety concern requiring follow-up,A worker briefly unclipped a fall-arrest lanyard to reposition along a narrow platform before re-clipping to the next anchor point a few steps later.,Site C (Gas Processing),Working at Height,elevated walkway,2026-03-16T14:00:00,Contractor,MEDIUM,Working at Height,test
UNSAFE_CONDITION,Potential serious injury precursor,Rigging sling showed visible wear but was used anyway during the lift.,Site B (Pipeline Corridor),Lifting Operation,rigging yard,2026-07-06T17:00:00,HSE Officer,HIGH,Safe Mechanical Lifting,train
NEAR_MISS,Critical safety observation,"Supervisor walkdown recorded that Maintenance crew began breaking a flange connection while the isolation valve was only tagged, not physically locked, after the assigned lock key was misplaced Observed during morning toolbox talk follow-up.",Site C (Gas Processing),Pipeline Maintenance,flange connection point,2026-05-19T16:00:00,Maintenance Engineer,HIGH,Energy Isolation,val
NEAR_MISS,High-risk near miss,Vehicle reversing near the workshop nearly struck a pedestrian who stepped out without checking; the driver stopped in time.,Site E (Terminal),Driving / Vehicle Movement,workshop yard,2026-05-02T14:00:00,Maintenance Engineer,HIGH,Driving,val
UNSAFE_CONDITION,Minor safety observation,"Supervisor walkdown recorded that A work permit was correctly signed, but the copy posted at the job site was a slightly outdated revision; the actual work scope matched the valid permit on file Observed during morning toolbox talk follow-up.",Site D (Drilling Rig),General Maintenance,job site noticeboard,2026-03-25T13:00:00,Contractor,LOW,Work Authorization,train
UNSAFE_CONDITION,Minor safety observation,Supervisor walkdown recorded that Faded lane markings were observed on a low-traffic internal access road; reported for repainting during the next resurfacing cycle Observed during morning toolbox talk follow-up.,Site B (Pipeline Corridor),Driving / Vehicle Movement,internal access road,2026-06-25T00:00:00,HSE Officer,LOW,Driving,val
INCIDENT,High-risk near miss,"Electrician started work on a control panel before confirming it was de-energized, receiving a minor shock from a live wire.",Site B (Pipeline Corridor),Electrical Work,switchgear room,2026-02-16T07:00:00,HSE Officer,HIGH,Energy Isolation,val
UNSAFE_CONDITION,Good practice observed,"Gas test was completed and confirmed clear, permit was signed, and the standby attendant remained at the entry point throughout the work.",Site E (Terminal),Confined Space Entry,vessel entry point,2026-07-20T23:00:00,Maintenance Engineer,NON_SIF,Confined Space,train
UNSAFE_CONDITION,Barrier verification gap,"A low-level alarm was silenced during a known sensor fault, with a manual round-the-clock check substituted, but the substitute check was missed for one shift.",Site E (Terminal),General Maintenance,control room,2026-08-11T16:00:00,Field Technician,MEDIUM,Bypassing Safety Controls,val
INCIDENT,High-risk near miss,Permit close-out comment: A ventilation fan inside a tank stopped partway through the job without the crew noticing until a worker began feeling light-headed Equipment tag referenced in the PTW package.,Site D (Drilling Rig),Confined Space Entry,storage tank interior,2026-03-27T23:00:00,Field Technician,HIGH,Confined Space,train
UNSAFE_CONDITION,Housekeeping item,Supervisor walkdown recorded that A section of perimeter fencing showed minor sagging well away from any live work area; scheduled for tensioning Observed during morning toolbox talk follow-up.,Site B (Pipeline Corridor),General Maintenance,site perimeter,2026-05-14T21:00:00,Operator,LOW,No applicable rule,train
UNSAFE_ACT,Near miss - review recommended,Permit close-out comment: Driver was using a mobile phone while driving between well sites on the access road Equipment tag referenced in the PTW package.,Site E (Terminal),Driving / Vehicle Movement,site access road,2026-04-06T21:00:00,Operator,MEDIUM,Driving,train
INCIDENT,High-risk near miss,Supervisor walkdown recorded that A ventilation fan inside a tank stopped partway through the job without the crew noticing until a worker began feeling light-headed Observed during morning toolbox talk follow-up.,Site C (Gas Processing),Confined Space Entry,storage tank interior,2026-05-01T02:00:00,Shift Supervisor,HIGH,Confined Space,train
UNSAFE_CONDITION,Near miss - review recommended,Permit close-out comment: Maintenance work began without a valid work permit being issued for the task Equipment tag referenced in the PTW package.,Site E (Terminal),General Maintenance,process unit,2026-03-12T04:00:00,Contractor,MEDIUM,Work Authorization,train
UNSAFE_CONDITION,Minor safety observation,A tool box was left slightly open on a bench overnight in the workshop with no one present; closed and secured the next morning.,Site E (Terminal),General Maintenance,workshop bench,2026-04-29T16:00:00,Contractor,LOW,No applicable rule,val
UNSAFE_ACT,Potential serious injury precursor,Permit close-out comment: Worker entered the confined space without a standby attendant posted at the entry point Equipment tag referenced in the PTW package.,Site D (Drilling Rig),Confined Space Entry,vessel manway,2026-06-27T21:00:00,Maintenance Engineer,HIGH,Confined Space,train
UNSAFE_CONDITION,Routine safety observation,Fire watch remained in place with extinguisher ready while cutting operations proceeded under a valid hot work permit.,Site A (Upstream E&P),Hot Work,pipe rack area,2026-07-15T06:00:00,Operator,NON_SIF,Hot Work,test
UNSAFE_CONDITION,Routine safety observation,"Supervisor walkdown recorded that Lift plan was documented and reviewed, rigging equipment was inspected beforehand, and the exclusion zone was fully enforced during the lift Observed during morning toolbox talk follow-up.",Site A (Upstream E&P),Lifting Operation,crane lift area,2026-04-16T17:00:00,Contractor,NON_SIF,Safe Mechanical Lifting,train
UNSAFE_CONDITION,Good practice observed,"Supervisor walkdown recorded that Safety interlock authorization was obtained from the shift supervisor and logged before the temporary bypass was applied for testing, then restored immediately after Observed during morning toolbox talk follow-up.",Site E (Terminal),General Maintenance,control room,2026-03-24T05:00:00,Contractor,NON_SIF,Bypassing Safety Controls,train
NEAR_MISS,Barrier verification gap,"Supervisor walkdown recorded that A hot work permit was issued and a fire watch posted, but the gas test was performed slightly outside the actual radius of the welding point Observed during morning toolbox talk follow-up.",Site D (Drilling Rig),Hot Work,fabrication bay,2026-04-06T00:00:00,Operator,MEDIUM,Hot Work,train
NEAR_MISS,Unclear report - needs review,Unusual noise heard near rotating equipment; area was cleared as a precaution.,Site A (Upstream E&P),General Maintenance,rotating equipment area,2026-03-17T07:00:00,Operator,REVIEW,Line of Fire,train
UNSAFE_CONDITION,Routine safety observation,A signboard with faded paint was reported near the main gate and scheduled for repainting.,Site E (Terminal),General Maintenance,main gate,2026-03-29T22:00:00,HSE Officer,NON_SIF,No applicable rule,train
NEAR_MISS,Near miss - review recommended,A worker leaned into the swing radius of an operating excavator for a few seconds to shout an instruction before stepping back to a safe distance.,Site A (Upstream E&P),General Maintenance,excavation area,2026-08-06T17:00:00,Maintenance Engineer,MEDIUM,Line of Fire,train
UNSAFE_CONDITION,Routine safety observation,Maintenance crew applied LOTO correctly and verified zero energy before opening the valve for scheduled maintenance. No issues noted.,Site E (Terminal),Pipeline Maintenance,valve station,2026-05-20T21:00:00,Contractor,NON_SIF,Energy Isolation,test
UNSAFE_CONDITION,Barrier verification gap,Permit had expired but the crew continued working on the equipment for another hour before noticing.,Site A (Upstream E&P),General Maintenance,compressor building,2026-04-23T10:00:00,HSE Officer,MEDIUM,Work Authorization,train
NEAR_MISS,Near miss - review recommended,LOTO tags were applied but the isolation point was never physically verified with a zero-energy check before valve removal began.,Site B (Pipeline Corridor),Pipeline Maintenance,valve manifold,2026-05-09T16:00:00,Maintenance Engineer,MEDIUM,Energy Isolation,val
UNSAFE_CONDITION,Housekeeping item,A vehicle's tire pressure was found slightly below the recommended level during a routine check; corrected before the vehicle was dispatched.,Site C (Gas Processing),Driving / Vehicle Movement,vehicle yard,2026-03-12T01:00:00,Shift Supervisor,LOW,Driving,train
UNSAFE_CONDITION,Good practice observed,"Confined-space entry was completed with a valid permit, verified gas test, and full PPE. No issues noted.",Site C (Gas Processing),Confined Space Entry,storage tank manway,2026-04-26T13:00:00,Contractor,NON_SIF,Confined Space,test
UNSAFE_CONDITION,Good practice observed,Supervisor walkdown recorded that Worker wore a full harness with the lanyard properly anchored to the designated point while working on the elevated platform Observed during morning toolbox talk follow-up.,Site E (Terminal),Working at Height,elevated walkway,2026-07-06T16:00:00,Operator,NON_SIF,Working at Height,train
UNSAFE_CONDITION,Safety concern requiring follow-up,Supervisor walkdown recorded that Maintenance work began without a valid work permit being issued for the task Observed during morning toolbox talk follow-up.,Site A (Upstream E&P),General Maintenance,process unit,2026-05-29T15:00:00,Contractor,MEDIUM,Work Authorization,train
NEAR_MISS,Barrier verification gap,"Permit close-out comment: The lift plan was in place, but the rigging inspection checklist was completed from memory rather than a physical inspection immediately before the lift Equipment tag referenced in the PTW package.",Site D (Drilling Rig),Lifting Operation,crane pad,2026-03-29T23:00:00,Field Technician,MEDIUM,Safe Mechanical Lifting,train
NEAR_MISS,High-risk near miss,"A valve believed to be isolated was found still partly open when the technician began removing its actuator, releasing a small amount of process fluid.",Site A (Upstream E&P),Pipeline Maintenance,actuator removal point,2026-06-20T01:00:00,Shift Supervisor,HIGH,Energy Isolation,train
UNSAFE_CONDITION,Good practice observed,Supervisor walkdown recorded that Exclusion zone was properly established and enforced around the lifting operation; no personnel entered the line of fire Observed during morning toolbox talk follow-up.,Site A (Upstream E&P),Lifting Operation,crane lift zone,2026-07-17T13:00:00,HSE Officer,NON_SIF,Line of Fire,train
UNSAFE_CONDITION,Routine safety observation,Supervisor walkdown recorded that Operator opened an inspection hatch on a de-energized vessel after LOTO was verified by two independent checks; no issues found Observed during morning toolbox talk follow-up.,Site D (Drilling Rig),General Maintenance,vessel inspection point,2026-03-03T10:00:00,Shift Supervisor,NON_SIF,Energy Isolation,train
NEAR_MISS,High-risk near miss,Permit close-out comment: Contractor entered a tank for inspection before the gas test was completed and the permit was signed Equipment tag referenced in the PTW package.,Site A (Upstream E&P),Confined Space Entry,storage tank,2026-04-05T17:00:00,Maintenance Engineer,HIGH,Confined Space,train
UNSAFE_CONDITION,Minor safety observation,"An alarm-bypass tag from a previous, already-completed authorized test was found still attached to a panel; the underlying alarm itself was confirmed active.",Site C (Gas Processing),General Maintenance,instrument panel,2026-04-10T21:00:00,HSE Officer,LOW,Bypassing Safety Controls,val
NEAR_MISS,Safety concern requiring follow-up,"Permit close-out comment: A junior technician disconnected a hydraulic line without checking whether isolation had been confirmed, and hydraulic fluid sprayed nearby Equipment tag referenced in the PTW package.",Site E (Terminal),General Maintenance,hydraulic skid,2026-05-04T13:00:00,HSE Officer,MEDIUM,Energy Isolation,train
INCIDENT,Potential serious injury precursor,Technician felt dizzy shortly after entering a tank; gas test results were later found to have been recorded before ventilation was complete.,Site B (Pipeline Corridor),Confined Space Entry,process vessel,2026-03-30T10:00:00,Contractor,HIGH,Confined Space,train
UNSAFE_CONDITION,Housekeeping item,Supervisor walkdown recorded that A tool box was left slightly open on a bench overnight in the workshop with no one present; closed and secured the next morning Observed during morning toolbox talk follow-up.,Site A (Upstream E&P),General Maintenance,workshop bench,2026-03-29T23:00:00,HSE Officer,LOW,No applicable rule,val
NEAR_MISS,Ambiguous observation,Near miss reported but activity and location are unclear from the submitted narrative.,Site D (Drilling Rig),General Maintenance,unspecified area,2026-06-23T11:00:00,Operator,REVIEW,No applicable rule,train
NEAR_MISS,High-risk near miss,Permit close-out comment: Welding was carried out near an open drum of solvent without a fire watch or a gas test Equipment tag referenced in the PTW package.,Site D (Drilling Rig),Hot Work,maintenance workshop,2026-07-06T18:00:00,HSE Officer,HIGH,Hot Work,train
UNSAFE_CONDITION,Routine safety observation,Crane operator followed the approved lift plan and confirmed all rigging hardware was within inspection date before starting the lift.,Site B (Pipeline Corridor),Lifting Operation,module lift zone,2026-05-17T15:00:00,HSE Officer,NON_SIF,Safe Mechanical Lifting,val
NEAR_MISS,High-risk near miss,A worker entered a drained tank for a visual inspection while the standby attendant briefly left the entry point to retrieve additional equipment.,Site B (Pipeline Corridor),Confined Space Entry,storage tank manway,2026-03-22T15:00:00,Field Technician,HIGH,Confined Space,train
NEAR_MISS,Critical safety observation,Permit close-out comment: A dropped wrench fell from an elevated platform and landed close to a worker standing directly below the work area Equipment tag referenced in the PTW package.,Site B (Pipeline Corridor),General Maintenance,elevated platform,2026-05-11T19:00:00,Operator,HIGH,Line of Fire,test
NEAR_MISS,Near miss - review recommended,"Supervisor walkdown recorded that Minor slip on a wet floor near a stairwell railing, no injury Observed during morning toolbox talk follow-up.",Site C (Gas Processing),General Maintenance,stairwell landing,2026-04-07T09:00:00,Field Technician,MEDIUM,Working at Height,test
NEAR_MISS,Critical safety observation,Permit close-out comment: Worker walked beneath a suspended load during a lifting operation to retrieve a dropped tool Equipment tag referenced in the PTW package.,Site E (Terminal),Lifting Operation,crane lift zone,2026-08-12T03:00:00,Field Technician,HIGH,Line of Fire,train
NEAR_MISS,Critical safety observation,"Permit close-out comment: Maintenance crew began breaking a flange connection while the isolation valve was only tagged, not physically locked, after the assigned lock key was misplaced Equipment tag referenced in the PTW package.",Site C (Gas Processing),Pipeline Maintenance,flange connection point,2026-03-26T00:00:00,HSE Officer,HIGH,Energy Isolation,val
NEAR_MISS,Barrier verification gap,The isolation checklist for a pump seal job was signed off before the final zero-energy check had actually been walked down by the permit holder.,Site D (Drilling Rig),General Maintenance,pump seal station,2026-05-30T00:00:00,Operator,MEDIUM,Energy Isolation,train
INCIDENT,Critical safety observation,Permit close-out comment: Worker was struck by a swinging pipe section during positioning after the tag line was released early Equipment tag referenced in the PTW package.,Site B (Pipeline Corridor),Lifting Operation,pipe handling area,2026-03-29T01:00:00,HSE Officer,HIGH,Line of Fire,train
NEAR_MISS,Near miss - review recommended,"Tag line was not used during a moderate lift, causing the load to sway slightly near ground crew who stepped back in time.",Site D (Drilling Rig),Lifting Operation,laydown area,2026-06-04T22:00:00,Shift Supervisor,MEDIUM,Safe Mechanical Lifting,test
NEAR_MISS,Near miss - review recommended,Supervisor walkdown recorded that A worker briefly stood within the marked exclusion zone to adjust a tag line before stepping back out as the lift resumed Observed during morning toolbox talk follow-up.,Site D (Drilling Rig),Lifting Operation,crane lift zone,2026-04-14T10:00:00,HSE Officer,MEDIUM,Line of Fire,train
NEAR_MISS,Near miss - review recommended,"Permit close-out comment: The confined-space entry permit listed an incorrect vessel number, although the vessel actually entered had in fact been gas-tested and isolated beforehand Equipment tag referenced in the PTW package.",Site A (Upstream E&P),Confined Space Entry,separator vessel,2026-04-16T13:00:00,Shift Supervisor,MEDIUM,Confined Space,train
NEAR_MISS,High-risk near miss,"Supervisor walkdown recorded that Employee stood in the pinch point between a pipe and the crane hook while positioning the load, and had to step back quickly Observed during morning toolbox talk follow-up.",Site C (Gas Processing),Lifting Operation,pipe rack laydown area,2026-07-17T15:00:00,HSE Officer,HIGH,Line of Fire,val
UNSAFE_CONDITION,Good practice observed,Supervisor walkdown recorded that The area authority reviewed and re-validated the permit at shift handover before work continued into the second shift Observed during morning toolbox talk follow-up.,Site D (Drilling Rig),General Maintenance,process unit,2026-05-31T01:00:00,Field Technician,NON_SIF,Work Authorization,train
NEAR_MISS,Potential serious injury precursor,Technician opened a flange before confirming isolation. Residual pressure was released. No injury occurred.,Site A (Upstream E&P),Pipeline Maintenance,flange near separator unit 3,2026-03-04T21:00:00,Maintenance Engineer,HIGH,Energy Isolation,test
UNSAFE_CONDITION,Critical safety observation,"Permit close-out comment: Interlock was defeated to allow the pump to run with the guard open, exposing the coupling Equipment tag referenced in the PTW package.",Site E (Terminal),General Maintenance,pump house,2026-04-18T23:00:00,HSE Officer,HIGH,Bypassing Safety Controls,train
NEAR_MISS,Ambiguous observation,Report mentions something moving quickly near the crew during a shift but does not specify what the object was or whether anyone was in its path.,Site E (Terminal),General Maintenance,unspecified work area,2026-02-19T05:00:00,Shift Supervisor,REVIEW,Line of Fire,val
NEAR_MISS,Barrier verification gap,"Supervisor walkdown recorded that Isolation was applied and tagged, but the zero-energy verification step was skipped because the pressure gauge was already reading close to zero Observed during morning toolbox talk follow-up.",Site D (Drilling Rig),Pipeline Maintenance,manifold isolation point,2026-03-25T17:00:00,Contractor,MEDIUM,Energy Isolation,test
UNSAFE_CONDITION,Minor administrative item,"Supervisor walkdown recorded that Confined-space entry was completed with a valid permit, verified gas test, and full PPE. No issues noted Observed during morning toolbox talk follow-up.",Site D (Drilling Rig),Confined Space Entry,storage tank manway,2026-08-01T03:00:00,Maintenance Engineer,NON_SIF,Confined Space,test
NEAR_MISS,Safety concern requiring follow-up,"Permit close-out comment: A near-miss involving a dropped tool was reported verbally at shift handover, but the exact height and location were not recorded before the report was logged Equipment tag referenced in the PTW package.",Site B (Pipeline Corridor),General Maintenance,unspecified elevated area,2026-03-23T18:00:00,Operator,MEDIUM,Working at Height,val
NEAR_MISS,High-risk near miss,"Supervisor walkdown recorded that Grinding continued after the fire watch was called away to answer a radio call, with no relief watch posted in the interim Observed during morning toolbox talk follow-up.",Site D (Drilling Rig),Hot Work,workshop grinding station,2026-08-01T18:00:00,Operator,HIGH,Hot Work,train
UNSAFE_CONDITION,Good practice observed,"Double block-and-bleed isolation was applied, verified independently by two technicians, and logged on the permit before the exchanger head was removed.",Site B (Pipeline Corridor),General Maintenance,heat exchanger bay,2026-03-27T14:00:00,Maintenance Engineer,NON_SIF,Energy Isolation,val
UNSAFE_CONDITION,High-risk near miss,Permit close-out comment: A scaffold guardrail section had been temporarily removed for material handling and was not reinstated before the next shift began work on that level Equipment tag referenced in the PTW package.,Site E (Terminal),Working at Height,scaffold level 3,2026-03-28T12:00:00,Shift Supervisor,HIGH,Working at Height,val
NEAR_MISS,Ambiguous observation,A report describes an incident on a raised structure but does not clarify the height involved or whether fall protection was actually in use.,Site A (Upstream E&P),General Maintenance,raised structure,2026-04-16T16:00:00,Operator,REVIEW,Working at Height,val
NEAR_MISS,Critical safety observation,Permit close-out comment: Line was opened before confirming isolation and residual pressure released onto the maintenance crew standing at the flange Equipment tag referenced in the PTW package.,Site A (Upstream E&P),Pipeline Maintenance,flange assembly,2026-03-24T18:00:00,Maintenance Engineer,HIGH,Energy Isolation,test
UNSAFE_CONDITION,Minor administrative item,Operator opened an inspection hatch on a de-energized vessel after LOTO was verified by two independent checks; no issues found.,Site E (Terminal),General Maintenance,vessel inspection point,2026-05-26T18:00:00,Contractor,NON_SIF,Energy Isolation,train
NEAR_MISS,High-risk near miss,Permit close-out comment: Contractor removed a pressure gauge without confirming the line had been isolated; a small amount of residual gas was released Equipment tag referenced in the PTW package.,Site E (Terminal),Pipeline Maintenance,gas metering skid,2026-06-19T03:00:00,Field Technician,HIGH,Energy Isolation,train
NEAR_MISS,Safety concern requiring follow-up,Supervisor walkdown recorded that The isolation checklist for a pump seal job was signed off before the final zero-energy check had actually been walked down by the permit holder Observed during morning toolbox talk follow-up.,Site B (Pipeline Corridor),General Maintenance,pump seal station,2026-06-05T23:00:00,Operator,MEDIUM,Energy Isolation,train
UNSAFE_CONDITION,Critical safety observation,Supervisor walkdown recorded that Rigging sling showed visible wear but was used anyway during the lift Observed during morning toolbox talk follow-up.,Site D (Drilling Rig),Lifting Operation,rigging yard,2026-08-08T19:00:00,Shift Supervisor,HIGH,Safe Mechanical Lifting,train
NEAR_MISS,Critical safety observation,"Supervisor walkdown recorded that Vehicle skidded on a wet access road after exceeding the site speed limit, narrowly avoiding a ditch Observed during morning toolbox talk follow-up.",Site D (Drilling Rig),Driving / Vehicle Movement,access road,2026-08-14T08:00:00,Maintenance Engineer,HIGH,Driving,train
UNSAFE_CONDITION,Minor administrative item,Housekeeping issue: cardboard boxes were left blocking a fire extinguisher cabinet in the warehouse. Corrected immediately.,Site D (Drilling Rig),General Maintenance,warehouse,2026-03-11T01:00:00,Contractor,NON_SIF,No applicable rule,test
NEAR_MISS,Critical safety observation,Supervisor walkdown recorded that A dropped wrench fell from an elevated platform and landed close to a worker standing directly below the work area Observed during morning toolbox talk follow-up.,Site C (Gas Processing),General Maintenance,elevated platform,2026-03-04T08:00:00,HSE Officer,HIGH,Line of Fire,test
NEAR_MISS,Critical safety observation,Supervisor walkdown recorded that Worker walked beneath a suspended load during a lifting operation to retrieve a dropped tool Observed during morning toolbox talk follow-up.,Site D (Drilling Rig),Lifting Operation,crane lift zone,2026-03-15T10:00:00,Shift Supervisor,HIGH,Line of Fire,train
UNSAFE_CONDITION,Routine safety observation,"Safety interlock authorization was obtained from the shift supervisor and logged before the temporary bypass was applied for testing, then restored immediately after.",Site B (Pipeline Corridor),General Maintenance,control room,2026-07-14T10:00:00,Contractor,NON_SIF,Bypassing Safety Controls,train
NEAR_MISS,High-risk near miss,"Grinding continued after the fire watch was called away to answer a radio call, with no relief watch posted in the interim.",Site C (Gas Processing),Hot Work,workshop grinding station,2026-05-14T05:00:00,Maintenance Engineer,HIGH,Hot Work,train
INCIDENT,Potential serious injury precursor,A ventilation fan inside a tank stopped partway through the job without the crew noticing until a worker began feeling light-headed.,Site B (Pipeline Corridor),Confined Space Entry,storage tank interior,2026-05-24T03:00:00,HSE Officer,HIGH,Confined Space,train
UNSAFE_CONDITION,Good practice observed,Scheduled vehicle pre-start inspection was completed with no defects found; vehicle cleared for the day's journeys.,Site D (Drilling Rig),Driving / Vehicle Movement,vehicle yard,2026-04-07T04:00:00,Field Technician,NON_SIF,Driving,train
UNSAFE_ACT,Potential serious injury precursor,Technician climbed onto an elevated platform without a harness to inspect equipment.,Site D (Drilling Rig),Working at Height,process structure platform,2026-04-07T16:00:00,Shift Supervisor,HIGH,Working at Height,test
INCIDENT,Potential serious injury precursor,"Permit close-out comment: Electrician started work on a control panel before confirming it was de-energized, receiving a minor shock from a live wire Equipment tag referenced in the PTW package.",Site D (Drilling Rig),Electrical Work,switchgear room,2026-05-19T16:00:00,HSE Officer,HIGH,Energy Isolation,val
NEAR_MISS,Potential serious injury precursor,Worker walked beneath a suspended load during a lifting operation to retrieve a dropped tool.,Site B (Pipeline Corridor),Lifting Operation,crane lift zone,2026-04-28T05:00:00,Contractor,HIGH,Line of Fire,train
NEAR_MISS,High-risk near miss,"Supervisor walkdown recorded that A valve believed to be isolated was found still partly open when the technician began removing its actuator, releasing a small amount of process fluid Observed during morning toolbox talk follow-up.",Site E (Terminal),Pipeline Maintenance,actuator removal point,2026-04-02T05:00:00,Field Technician,HIGH,Energy Isolation,train
UNSAFE_CONDITION,Minor safety observation,Faded lane markings were observed on a low-traffic internal access road; reported for repainting during the next resurfacing cycle.,Site B (Pipeline Corridor),Driving / Vehicle Movement,internal access road,2026-03-01T22:00:00,Field Technician,LOW,Driving,val
NEAR_MISS,Critical safety observation,"Permit close-out comment: Ground crew were repositioning a suspended module when the tag line parted, swinging the load toward two workers who stepped clear just in time Equipment tag referenced in the PTW package.",Site A (Upstream E&P),Lifting Operation,module lift area,2026-06-12T21:00:00,Contractor,HIGH,Line of Fire,train
UNSAFE_CONDITION,Routine safety observation,"Lift plan was documented and reviewed, rigging equipment was inspected beforehand, and the exclusion zone was fully enforced during the lift.",Site E (Terminal),Lifting Operation,crane lift area,2026-07-05T02:00:00,Contractor,NON_SIF,Safe Mechanical Lifting,train
UNSAFE_CONDITION,Minor safety observation,"A work permit was correctly signed, but the copy posted at the job site was a slightly outdated revision; the actual work scope matched the valid permit on file.",Site C (Gas Processing),General Maintenance,job site noticeboard,2026-04-17T22:00:00,HSE Officer,LOW,Work Authorization,train
NEAR_MISS,Safety concern requiring follow-up,"Supervisor walkdown recorded that Welding screens were used to control sparks, but a small gap at the base of one screen was only noticed and closed partway through the job Observed during morning toolbox talk follow-up.",Site D (Drilling Rig),Hot Work,process area near tank farm,2026-04-13T09:00:00,Contractor,MEDIUM,Hot Work,test
NEAR_MISS,Safety concern requiring follow-up,Permit close-out comment: A worker briefly unclipped a fall-arrest lanyard to reposition along a narrow platform before re-clipping to the next anchor point a few steps later Equipment tag referenced in the PTW package.,Site B (Pipeline Corridor),Working at Height,elevated walkway,2026-05-02T04:00:00,Field Technician,MEDIUM,Working at Height,test
UNSAFE_CONDITION,Safety concern requiring follow-up,Permit close-out comment: Work continued for roughly ten minutes after the permit's listed end time before the crew noticed and stopped to have it renewed Equipment tag referenced in the PTW package.,Site A (Upstream E&P),General Maintenance,process unit,2026-05-27T10:00:00,Operator,MEDIUM,Work Authorization,test
NEAR_MISS,Critical safety observation,Permit close-out comment: A light vehicle lost traction on a graded haul road and slid toward the road edge before the driver regained control Equipment tag referenced in the PTW package.,Site C (Gas Processing),Driving / Vehicle Movement,haul road,2026-03-20T15:00:00,Shift Supervisor,HIGH,Driving,train
NEAR_MISS,Safety concern requiring follow-up,"Supervisor walkdown recorded that Wind speed approached the crane's rated operating limit partway through a lift, and the lift was paused only after already being underway Observed during morning toolbox talk follow-up.",Site D (Drilling Rig),Lifting Operation,crane pad,2026-03-18T20:00:00,Contractor,MEDIUM,Safe Mechanical Lifting,train
UNSAFE_ACT,High-risk near miss,Permit close-out comment: Operator bypassed the high-pressure trip alarm to keep the unit running during startup Equipment tag referenced in the PTW package.,Site B (Pipeline Corridor),General Maintenance,control room,2026-02-17T12:00:00,Contractor,HIGH,Bypassing Safety Controls,train
UNSAFE_CONDITION,High-risk near miss,A scaffold guardrail section had been temporarily removed for material handling and was not reinstated before the next shift began work on that level.,Site A (Upstream E&P),Working at Height,scaffold level 3,2026-03-19T03:00:00,HSE Officer,HIGH,Working at Height,val
UNSAFE_ACT,High-risk near miss,Worker bypassed the lockout procedure to save time and started disassembling the compressor while it was still isolated only partially.,Site D (Drilling Rig),General Maintenance,compressor skid,2026-03-07T05:00:00,Operator,HIGH,Energy Isolation,val
NEAR_MISS,Safety concern requiring follow-up,"Permit close-out comment: A hot work permit was issued and a fire watch posted, but the gas test was performed slightly outside the actual radius of the welding point Equipment tag referenced in the PTW package.",Site D (Drilling Rig),Hot Work,fabrication bay,2026-05-01T23:00:00,Operator,MEDIUM,Hot Work,train
UNSAFE_CONDITION,Minor administrative item,"A temporary bypass of a non-critical alarm was authorized, time-limited, logged in the shift log, and removed exactly as scheduled.",Site A (Upstream E&P),General Maintenance,control room,2026-02-16T15:00:00,Contractor,NON_SIF,Bypassing Safety Controls,test
UNSAFE_CONDITION,Routine safety observation,Spill kit inventory check was completed for the month with all items accounted for and in good condition.,Site B (Pipeline Corridor),General Maintenance,spill response locker,2026-07-15T06:00:00,Shift Supervisor,NON_SIF,No applicable rule,train
NEAR_MISS,High-risk near miss,Welding was carried out near an open drum of solvent without a fire watch or a gas test.,Site C (Gas Processing),Hot Work,maintenance workshop,2026-05-07T16:00:00,Shift Supervisor,HIGH,Hot Work,train
NEAR_MISS,Critical safety observation,Permit close-out comment: A multi-point lift proceeded with one sling rated below the calculated load after a last-minute equipment substitution was not re-checked against the lift plan Equipment tag referenced in the PTW package.,Site A (Upstream E&P),Lifting Operation,module lift zone,2026-04-23T19:00:00,Shift Supervisor,HIGH,Safe Mechanical Lifting,train
UNSAFE_CONDITION,Good practice observed,Supervisor walkdown recorded that An employee raised a general concern about workload during a shift handover meeting; no physical hazard described Observed during morning toolbox talk follow-up.,Site D (Drilling Rig),General Maintenance,shift handover point,2026-08-13T13:00:00,Contractor,NON_SIF,No applicable rule,train
UNSAFE_CONDITION,Good practice observed,"Supervisor walkdown recorded that Double block-and-bleed isolation was applied, verified independently by two technicians, and logged on the permit before the exchanger head was removed Observed during morning toolbox talk follow-up.",Site D (Drilling Rig),General Maintenance,heat exchanger bay,2026-06-06T15:00:00,HSE Officer,NON_SIF,Energy Isolation,val
NEAR_MISS,Near miss - review recommended,"Minor slip on a wet floor near a stairwell railing, no injury.",Site A (Upstream E&P),General Maintenance,stairwell landing,2026-06-22T02:00:00,HSE Officer,MEDIUM,Working at Height,test
UNSAFE_CONDITION,Routine safety observation,"Hot work permit was issued, gas test confirmed clear, and a dedicated fire watch was posted for the full duration of the welding.",Site D (Drilling Rig),Hot Work,fabrication yard,2026-04-06T22:00:00,Field Technician,NON_SIF,Hot Work,val
UNSAFE_CONDITION,Routine safety observation,Supervisor walkdown recorded that Weekly fire extinguisher inspection was completed with all units found in date and correctly charged Observed during morning toolbox talk follow-up.,Site D (Drilling Rig),General Maintenance,process unit,2026-05-05T02:00:00,Field Technician,NON_SIF,No applicable rule,train
UNSAFE_CONDITION,High-risk near miss,"Permit close-out comment: The permit for the confined space entry had expired an hour earlier, but the crew continued working inside the vessel Equipment tag referenced in the PTW package.",Site D (Drilling Rig),Confined Space Entry,separator vessel,2026-07-30T19:00:00,Field Technician,HIGH,Confined Space,train
UNSAFE_CONDITION,Barrier verification gap,Permit close-out comment: Permit had expired but the crew continued working on the equipment for another hour before noticing Equipment tag referenced in the PTW package.,Site A (Upstream E&P),General Maintenance,compressor building,2026-06-03T08:00:00,Maintenance Engineer,MEDIUM,Work Authorization,train
NEAR_MISS,Safety concern requiring follow-up,"A worker's harness lanyard was found unclipped for a brief period while repositioning on the scaffold, then reconnected immediately.",Site D (Drilling Rig),Working at Height,scaffold platform level 2,2026-08-14T14:00:00,Maintenance Engineer,MEDIUM,Working at Height,train
UNSAFE_CONDITION,Barrier verification gap,Supervisor walkdown recorded that Work continued for roughly ten minutes after the permit's listed end time before the crew noticed and stopped to have it renewed Observed during morning toolbox talk follow-up.,Site B (Pipeline Corridor),General Maintenance,process unit,2026-03-07T21:00:00,Maintenance Engineer,MEDIUM,Work Authorization,test
NEAR_MISS,Near miss - review recommended,"Permit close-out comment: Gas testing was completed before entry, but the results were not re-verified after a 45-minute delay before the crew actually entered the vessel Equipment tag referenced in the PTW package.",Site A (Upstream E&P),Confined Space Entry,process vessel,2026-07-30T19:00:00,Operator,MEDIUM,Confined Space,train
UNSAFE_CONDITION,Minor administrative item,Supervisor walkdown recorded that Emergency shower and eyewash stations were checked and flushed as part of the monthly inspection with no faults found Observed during morning toolbox talk follow-up.,Site D (Drilling Rig),General Maintenance,process unit,2026-03-17T01:00:00,HSE Officer,NON_SIF,No applicable rule,train
UNSAFE_CONDITION,Minor safety observation,Supervisor walkdown recorded that Pressure gauge read slightly high during a routine isolation check; noted in the log for follow-up Observed during morning toolbox talk follow-up.,Site A (Upstream E&P),Pipeline Maintenance,manifold gauge panel,2026-07-06T04:00:00,Maintenance Engineer,LOW,Energy Isolation,train
UNSAFE_CONDITION,Good practice observed,Supervisor walkdown recorded that Scheduled vehicle pre-start inspection was completed with no defects found; vehicle cleared for the day's journeys Observed during morning toolbox talk follow-up.,Site D (Drilling Rig),Driving / Vehicle Movement,vehicle yard,2026-04-11T21:00:00,Shift Supervisor,NON_SIF,Driving,train
UNSAFE_CONDITION,Routine safety observation,"Work permit was reviewed, signed by the area authority, and displayed at the job site before work began; no issues noted.",Site D (Drilling Rig),General Maintenance,process unit,2026-03-09T14:00:00,HSE Officer,NON_SIF,Work Authorization,train
NEAR_MISS,Critical safety observation,"Supervisor walkdown recorded that Ground crew were repositioning a suspended module when the tag line parted, swinging the load toward two workers who stepped clear just in time Observed during morning toolbox talk follow-up.",Site A (Upstream E&P),Lifting Operation,module lift area,2026-07-07T20:00:00,Shift Supervisor,HIGH,Line of Fire,train
NEAR_MISS,Potential serious injury precursor,Supervisor walkdown recorded that Contractor entered a tank for inspection before the gas test was completed and the permit was signed Observed during morning toolbox talk follow-up.,Site A (Upstream E&P),Confined Space Entry,storage tank,2026-06-17T22:00:00,Shift Supervisor,HIGH,Confined Space,train
UNSAFE_CONDITION,Housekeeping item,Supervisor walkdown recorded that Handrail on a low internal staircase had slight surface rust noted during a routine walk-down; flagged for a future paint touch-up Observed during morning toolbox talk follow-up.,Site D (Drilling Rig),General Maintenance,internal staircase,2026-05-23T14:00:00,Shift Supervisor,LOW,Working at Height,train
NEAR_MISS,Safety concern requiring follow-up,"Gas testing was completed before entry, but the results were not re-verified after a 45-minute delay before the crew actually entered the vessel.",Site D (Drilling Rig),Confined Space Entry,process vessel,2026-06-25T11:00:00,Operator,MEDIUM,Confined Space,train
UNSAFE_CONDITION,Potential serious injury precursor,"A safety shower interlock on a chemical loading line was bypassed to speed up changeover, without documented authorization.",Site C (Gas Processing),General Maintenance,chemical loading bay,2026-07-18T03:00:00,Contractor,HIGH,Bypassing Safety Controls,val
NEAR_MISS,Barrier verification gap,Supervisor walkdown recorded that A worker's fall-arrest lanyard was connected to a handrail rather than a certified anchor point for part of a scaffold task Observed during morning toolbox talk follow-up.,Site C (Gas Processing),Working at Height,scaffold platform,2026-04-30T14:00:00,Shift Supervisor,MEDIUM,Working at Height,test
UNSAFE_CONDITION,Minor safety observation,"Supervisor walkdown recorded that A rigging inspection tag had a smudged date that was difficult to read, though the sling itself was confirmed within its inspection interval by the rigging register Observed during morning toolbox talk follow-up.",Site B (Pipeline Corridor),Lifting Operation,rigging yard,2026-07-02T19:00:00,Operator,LOW,Safe Mechanical Lifting,test
UNSAFE_CONDITION,Minor safety observation,A slightly worn isolation tag was replaced during a routine isolation-point audit; no active work was underway at the isolation point at the time.,Site D (Drilling Rig),General Maintenance,isolation point audit,2026-07-15T01:00:00,Shift Supervisor,LOW,Energy Isolation,train
UNSAFE_CONDITION,Minor administrative item,"Supervisor walkdown recorded that Crew maintained a safe distance from the suspended load throughout the lift, with the exclusion zone barricaded and supervised Observed during morning toolbox talk follow-up.",Site A (Upstream E&P),Lifting Operation,laydown yard,2026-04-12T22:00:00,HSE Officer,NON_SIF,Line of Fire,test
NEAR_MISS,High-risk near miss,Permit close-out comment: A worker entered a drained tank for a visual inspection while the standby attendant briefly left the entry point to retrieve additional equipment Equipment tag referenced in the PTW package.,Site C (Gas Processing),Confined Space Entry,storage tank manway,2026-04-08T07:00:00,Contractor,HIGH,Confined Space,train
UNSAFE_CONDITION,Minor safety observation,Supervisor walkdown recorded that A slightly worn isolation tag was replaced during a routine isolation-point audit; no active work was underway at the isolation point at the time Observed during morning toolbox talk follow-up.,Site A (Upstream E&P),General Maintenance,isolation point audit,2026-03-30T02:00:00,HSE Officer,LOW,Energy Isolation,train
INCIDENT,Potential serious injury precursor,Supervisor walkdown recorded that Technician felt dizzy shortly after entering a tank; gas test results were later found to have been recorded before ventilation was complete Observed during morning toolbox talk follow-up.,Site B (Pipeline Corridor),Confined Space Entry,process vessel,2026-06-04T10:00:00,Field Technician,HIGH,Confined Space,train
UNSAFE_ACT,Potential serious injury precursor,Permit close-out comment: Worker bypassed the lockout procedure to save time and started disassembling the compressor while it was still isolated only partially Equipment tag referenced in the PTW package.,Site B (Pipeline Corridor),General Maintenance,compressor skid,2026-06-01T22:00:00,Field Technician,HIGH,Energy Isolation,val
NEAR_MISS,Safety concern requiring follow-up,"Permit close-out comment: Tag line was not used during a moderate lift, causing the load to sway slightly near ground crew who stepped back in time Equipment tag referenced in the PTW package.",Site A (Upstream E&P),Lifting Operation,laydown area,2026-07-16T16:00:00,Operator,MEDIUM,Safe Mechanical Lifting,test
UNSAFE_CONDITION,Good practice observed,Supervisor walkdown recorded that Pre-tour safety meeting confirmed all rig floor personnel positions before pipe handling began; operation proceeded without incident Observed during morning toolbox talk follow-up.,Site D (Drilling Rig),Drilling Operations,rig floor,2026-05-21T00:00:00,Shift Supervisor,NON_SIF,Line of Fire,train
NEAR_MISS,Critical safety observation,"Supervisor walkdown recorded that Rig floor crew handled a stand of drill pipe without confirming the derrickman's readiness signal, causing a brief swing of the pipe near ground crew Observed during morning toolbox talk follow-up.",Site D (Drilling Rig),Drilling Operations,rig floor,2026-04-25T01:00:00,Shift Supervisor,HIGH,Line of Fire,train
UNSAFE_CONDITION,Minor administrative item,Supervisor walkdown recorded that Maintenance crew applied LOTO correctly and verified zero energy before opening the valve for scheduled maintenance. No issues noted Observed during morning toolbox talk follow-up.,Site A (Upstream E&P),Pipeline Maintenance,valve station,2026-05-15T13:00:00,Shift Supervisor,NON_SIF,Energy Isolation,test
UNSAFE_CONDITION,High-risk near miss,Supervisor walkdown recorded that A scaffold guardrail section had been temporarily removed for material handling and was not reinstated before the next shift began work on that level Observed during morning toolbox talk follow-up.,Site D (Drilling Rig),Working at Height,scaffold level 3,2026-03-30T09:00:00,Shift Supervisor,HIGH,Working at Height,val
UNSAFE_CONDITION,Good practice observed,"The lift plan, rigging certification, and exclusion zone were all verified by the lift supervisor immediately before the crane began the pick.",Site C (Gas Processing),Lifting Operation,crane lift area,2026-08-07T23:00:00,Field Technician,NON_SIF,Safe Mechanical Lifting,val
NEAR_MISS,Near miss - review recommended,Supervisor walkdown recorded that LOTO tags were applied but the isolation point was never physically verified with a zero-energy check before valve removal began Observed during morning toolbox talk follow-up.,Site C (Gas Processing),Pipeline Maintenance,valve manifold,2026-07-04T13:00:00,HSE Officer,MEDIUM,Energy Isolation,val
NEAR_MISS,Near miss - review recommended,"Permit close-out comment: A worker briefly entered the exclusion zone near rotating equipment to retrieve a dropped glove, then stepped back out immediately Equipment tag referenced in the PTW package.",Site B (Pipeline Corridor),General Maintenance,rotating equipment area,2026-06-18T22:00:00,Field Technician,MEDIUM,Line of Fire,test
NEAR_MISS,Barrier verification gap,Permit close-out comment: A worker leaned into the swing radius of an operating excavator for a few seconds to shout an instruction before stepping back to a safe distance Equipment tag referenced in the PTW package.,Site B (Pipeline Corridor),General Maintenance,excavation area,2026-06-08T04:00:00,Maintenance Engineer,MEDIUM,Line of Fire,train
NEAR_MISS,Near miss - review recommended,"The confined-space entry permit listed an incorrect vessel number, although the vessel actually entered had in fact been gas-tested and isolated beforehand.",Site D (Drilling Rig),Confined Space Entry,separator vessel,2026-04-04T04:00:00,Shift Supervisor,MEDIUM,Confined Space,train
UNSAFE_ACT,High-risk near miss,Supervisor walkdown recorded that Technician climbed onto an elevated platform without a harness to inspect equipment Observed during morning toolbox talk follow-up.,Site A (Upstream E&P),Working at Height,process structure platform,2026-06-13T13:00:00,HSE Officer,HIGH,Working at Height,test
UNSAFE_ACT,Barrier verification gap,A driver briefly checked a text message at a stop sign before continuing the journey on the site access road.,Site E (Terminal),Driving / Vehicle Movement,site access road,2026-04-17T15:00:00,Operator,MEDIUM,Driving,test
UNSAFE_CONDITION,Minor administrative item,Supervisor walkdown recorded that Housekeeping issue: cardboard boxes were left blocking a fire extinguisher cabinet in the warehouse. Corrected immediately Observed during morning toolbox talk follow-up.,Site E (Terminal),General Maintenance,warehouse,2026-04-22T19:00:00,Contractor,NON_SIF,No applicable rule,test
UNSAFE_ACT,Critical safety observation,Supervisor walkdown recorded that Operator bypassed the high-pressure trip alarm to keep the unit running during startup Observed during morning toolbox talk follow-up.,Site A (Upstream E&P),General Maintenance,control room,2026-04-20T11:00:00,Operator,HIGH,Bypassing Safety Controls,train
UNSAFE_CONDITION,Routine safety observation,Supervisor walkdown recorded that A signboard with faded paint was reported near the main gate and scheduled for repainting Observed during morning toolbox talk follow-up.,Site B (Pipeline Corridor),General Maintenance,main gate,2026-05-08T02:00:00,Maintenance Engineer,NON_SIF,No applicable rule,train
UNSAFE_CONDITION,Routine safety observation,Employee mentioned the word 'fall' while describing a decline in the site's monthly safety scores during a toolbox talk.,Site C (Gas Processing),General Maintenance,toolbox talk area,2026-06-05T10:00:00,Maintenance Engineer,NON_SIF,No applicable rule,test
UNSAFE_CONDITION,Minor safety observation,"A minor drip from a pressure gauge fitting was noted during a routine walk-down, well below the alarm threshold; logged for the next inspection.",Site D (Drilling Rig),General Maintenance,gauge panel,2026-07-13T09:00:00,Operator,LOW,Energy Isolation,train
UNSAFE_ACT,Critical safety observation,Worker entered the confined space without a standby attendant posted at the entry point.,Site E (Terminal),Confined Space Entry,vessel manway,2026-04-12T18:00:00,HSE Officer,HIGH,Confined Space,train
UNSAFE_CONDITION,Critical safety observation,"Interlock was defeated to allow the pump to run with the guard open, exposing the coupling.",Site D (Drilling Rig),General Maintenance,pump house,2026-06-13T20:00:00,Maintenance Engineer,HIGH,Bypassing Safety Controls,train
UNSAFE_CONDITION,Barrier verification gap,"Permit close-out comment: A low-level alarm was silenced during a known sensor fault, with a manual round-the-clock check substituted, but the substitute check was missed for one shift Equipment tag referenced in the PTW package.",Site C (Gas Processing),General Maintenance,control room,2026-03-18T12:00:00,Shift Supervisor,MEDIUM,Bypassing Safety Controls,val
UNSAFE_CONDITION,Housekeeping item,"Supervisor walkdown recorded that Damaged floor tile noticed near the canteen entrance; low foot traffic area, no one nearby, flagged for repair Observed during morning toolbox talk follow-up.",Site B (Pipeline Corridor),General Maintenance,canteen entrance,2026-06-06T11:00:00,Field Technician,LOW,No applicable rule,val
UNSAFE_ACT,Potential serious injury precursor,Supervisor walkdown recorded that Worker bypassed the lockout procedure to save time and started disassembling the compressor while it was still isolated only partially Observed during morning toolbox talk follow-up.,Site B (Pipeline Corridor),General Maintenance,compressor skid,2026-02-15T22:00:00,Maintenance Engineer,HIGH,Energy Isolation,val
NEAR_MISS,Potential serious injury precursor,"Permit close-out comment: Vehicle skidded on a wet access road after exceeding the site speed limit, narrowly avoiding a ditch Equipment tag referenced in the PTW package.",Site B (Pipeline Corridor),Driving / Vehicle Movement,access road,2026-05-13T11:00:00,Maintenance Engineer,HIGH,Driving,train
UNSAFE_CONDITION,Minor administrative item,New contractor completed the site safety induction and PPE fitting before being escorted to the work area by the site host.,Site E (Terminal),General Maintenance,site induction room,2026-03-16T02:00:00,HSE Officer,NON_SIF,No applicable rule,test
UNSAFE_CONDITION,Minor administrative item,"A hot work permit, continuous gas monitoring and a fully equipped fire watch with an extinguisher were all in place for the entire duration of the cutting job.",Site A (Upstream E&P),Hot Work,pipe fabrication yard,2026-07-15T00:00:00,Operator,NON_SIF,Hot Work,train
UNSAFE_ACT,Safety concern requiring follow-up,Driver was using a mobile phone while driving between well sites on the access road.,Site B (Pipeline Corridor),Driving / Vehicle Movement,site access road,2026-06-08T23:00:00,Operator,MEDIUM,Driving,train
NEAR_MISS,Critical safety observation,A multi-point lift proceeded with one sling rated below the calculated load after a last-minute equipment substitution was not re-checked against the lift plan.,Site E (Terminal),Lifting Operation,module lift zone,2026-06-15T04:00:00,Shift Supervisor,HIGH,Safe Mechanical Lifting,train
UNSAFE_CONDITION,Unclear report - needs review,A worker mentioned feeling uneasy about an upcoming task during a toolbox talk but did not describe what specifically felt unsafe.,Site A (Upstream E&P),General Maintenance,toolbox talk area,2026-03-02T13:00:00,Contractor,REVIEW,No applicable rule,train
UNSAFE_CONDITION,Housekeeping item,"Supervisor walkdown recorded that An alarm-bypass tag from a previous, already-completed authorized test was found still attached to a panel; the underlying alarm itself was confirmed active Observed during morning toolbox talk follow-up.",Site E (Terminal),General Maintenance,instrument panel,2026-07-11T12:00:00,Shift Supervisor,LOW,Bypassing Safety Controls,val
NEAR_MISS,Potential serious injury precursor,Supervisor walkdown recorded that A multi-point lift proceeded with one sling rated below the calculated load after a last-minute equipment substitution was not re-checked against the lift plan Observed during morning toolbox talk follow-up.,Site B (Pipeline Corridor),Lifting Operation,module lift zone,2026-07-22T11:00:00,Maintenance Engineer,HIGH,Safe Mechanical Lifting,train
UNSAFE_CONDITION,Near miss - review recommended,Work continued for roughly ten minutes after the permit's listed end time before the crew noticed and stopped to have it renewed.,Site E (Terminal),General Maintenance,process unit,2026-06-27T05:00:00,Maintenance Engineer,MEDIUM,Work Authorization,test
NEAR_MISS,Safety concern requiring follow-up,"Permit close-out comment: A worker's harness lanyard was found unclipped for a brief period while repositioning on the scaffold, then reconnected immediately Equipment tag referenced in the PTW package.",Site D (Drilling Rig),Working at Height,scaffold platform level 2,2026-03-25T00:00:00,Field Technician,MEDIUM,Working at Height,train
NEAR_MISS,Barrier verification gap,"Supervisor walkdown recorded that Tag line was not used during a moderate lift, causing the load to sway slightly near ground crew who stepped back in time Observed during morning toolbox talk follow-up.",Site E (Terminal),Lifting Operation,laydown area,2026-05-04T03:00:00,Shift Supervisor,MEDIUM,Safe Mechanical Lifting,test
UNSAFE_CONDITION,Minor administrative item,Supervisor walkdown recorded that A spill of a small amount of water from a leaking tap was reported in the break room and mopped up promptly Observed during morning toolbox talk follow-up.,Site C (Gas Processing),General Maintenance,break room,2026-04-03T09:00:00,HSE Officer,NON_SIF,No applicable rule,train
UNSAFE_CONDITION,Minor safety observation,A fire extinguisher tag at a hot work location showed an inspection date three days overdue; the extinguisher itself was full and functional and was swapped immediately.,Site C (Gas Processing),Hot Work,welding bay,2026-03-26T11:00:00,HSE Officer,LOW,Hot Work,train
UNSAFE_CONDITION,High-risk near miss,"Supervisor walkdown recorded that A contractor began hot-tapping a live line under a permit that had actually been issued for a different, unrelated task Observed during morning toolbox talk follow-up.",Site C (Gas Processing),Pipeline Maintenance,live tie-in point,2026-05-23T01:00:00,HSE Officer,HIGH,Work Authorization,train
NEAR_MISS,Near miss - review recommended,A pipe spool being lowered onto the pipe rack swung briefly toward a worker who was still inside the marked exclusion zone finishing an unrelated task.,Site B (Pipeline Corridor),Lifting Operation,pipe rack area,2026-03-07T18:00:00,Maintenance Engineer,MEDIUM,Line of Fire,train
NEAR_MISS,Near miss - review recommended,"Permit close-out comment: A relief valve was assumed to have vented residual pressure fully, but no confirmatory bleed-down check was performed before the flange bolts were loosened Equipment tag referenced in the PTW package.",Site E (Terminal),Pipeline Maintenance,flange near pressure vessel,2026-04-01T13:00:00,Maintenance Engineer,MEDIUM,Energy Isolation,train
UNSAFE_CONDITION,Housekeeping item,A scaffold inspection tag showed the next-due date was two days away; the scaffold itself passed a visual check with no defects noted.,Site A (Upstream E&P),Working at Height,scaffold platform,2026-04-15T02:00:00,Contractor,LOW,Working at Height,train
NEAR_MISS,Near miss - review recommended,"Supervisor walkdown recorded that A relief valve was assumed to have vented residual pressure fully, but no confirmatory bleed-down check was performed before the flange bolts were loosened Observed during morning toolbox talk follow-up.",Site C (Gas Processing),Pipeline Maintenance,flange near pressure vessel,2026-02-26T06:00:00,Contractor,MEDIUM,Energy Isolation,train
NEAR_MISS,Barrier verification gap,"Isolation was applied and tagged, but the zero-energy verification step was skipped because the pressure gauge was already reading close to zero.",Site A (Upstream E&P),Pipeline Maintenance,manifold isolation point,2026-07-24T17:00:00,Contractor,MEDIUM,Energy Isolation,test
NEAR_MISS,Safety concern requiring follow-up,"Permit close-out comment: Isolation was applied and tagged, but the zero-energy verification step was skipped because the pressure gauge was already reading close to zero Equipment tag referenced in the PTW package.",Site D (Drilling Rig),Pipeline Maintenance,manifold isolation point,2026-04-23T00:00:00,Shift Supervisor,MEDIUM,Energy Isolation,test
UNSAFE_CONDITION,Minor administrative item,Toolbox talk was held before the shift and all attendees signed the safety briefing register; no concerns raised.,Site A (Upstream E&P),General Maintenance,muster point,2026-07-03T05:00:00,Maintenance Engineer,NON_SIF,No applicable rule,val
NEAR_MISS,Potential serious injury precursor,Supervisor walkdown recorded that Grinding work generated sparks near an area where flammable vapours were later confirmed present Observed during morning toolbox talk follow-up.,Site A (Upstream E&P),Hot Work,process area near tank farm,2026-05-26T23:00:00,Operator,HIGH,Hot Work,train
NEAR_MISS,Near miss - review recommended,Permit close-out comment: A worker's fall-arrest lanyard was connected to a handrail rather than a certified anchor point for part of a scaffold task Equipment tag referenced in the PTW package.,Site A (Upstream E&P),Working at Height,scaffold platform,2026-06-03T01:00:00,Operator,MEDIUM,Working at Height,test
UNSAFE_CONDITION,Housekeeping item,"Supervisor walkdown recorded that Loose cable tie found on walkway, no one nearby, corrected on the spot Observed during morning toolbox talk follow-up.",Site E (Terminal),General Maintenance,site walkway,2026-03-26T20:00:00,HSE Officer,LOW,Working at Height,train
UNSAFE_CONDITION,Minor administrative item,Supervisor walkdown recorded that Crew completed a positive observation card noting good use of PPE and correct barricading during a routine maintenance task Observed during morning toolbox talk follow-up.,Site D (Drilling Rig),General Maintenance,process unit,2026-06-30T01:00:00,Maintenance Engineer,NON_SIF,No applicable rule,train
NEAR_MISS,High-risk near miss,Permit close-out comment: Crane lift proceeded without a documented lift plan and the exclusion zone was not established Equipment tag referenced in the PTW package.,Site A (Upstream E&P),Lifting Operation,crane pad,2026-05-16T07:00:00,Operator,HIGH,Safe Mechanical Lifting,train
NEAR_MISS,Critical safety observation,Permit close-out comment: Technician opened a flange before confirming isolation. Residual pressure was released. No injury occurred Equipment tag referenced in the PTW package.,Site A (Upstream E&P),Pipeline Maintenance,flange near separator unit 3,2026-02-22T01:00:00,Field Technician,HIGH,Energy Isolation,test
NEAR_MISS,Potential serious injury precursor,Contractor removed a pressure gauge without confirming the line had been isolated; a small amount of residual gas was released.,Site E (Terminal),Pipeline Maintenance,gas metering skid,2026-03-12T04:00:00,Operator,HIGH,Energy Isolation,train
UNSAFE_CONDITION,Minor safety observation,Pressure gauge read slightly high during a routine isolation check; noted in the log for follow-up.,Site E (Terminal),Pipeline Maintenance,manifold gauge panel,2026-04-06T09:00:00,Field Technician,LOW,Energy Isolation,train
NEAR_MISS,Critical safety observation,Grinding work generated sparks near an area where flammable vapours were later confirmed present.,Site A (Upstream E&P),Hot Work,process area near tank farm,2026-07-31T06:00:00,Operator,HIGH,Hot Work,train
UNSAFE_CONDITION,Critical safety observation,"Permit close-out comment: A safety shower interlock on a chemical loading line was bypassed to speed up changeover, without documented authorization Equipment tag referenced in the PTW package.",Site B (Pipeline Corridor),General Maintenance,chemical loading bay,2026-03-02T22:00:00,Contractor,HIGH,Bypassing Safety Controls,val
UNSAFE_CONDITION,Routine safety observation,"Supervisor walkdown recorded that Work permit was reviewed, signed by the area authority, and displayed at the job site before work began; no issues noted Observed during morning toolbox talk follow-up.",Site C (Gas Processing),General Maintenance,process unit,2026-06-18T18:00:00,Field Technician,NON_SIF,Work Authorization,train
NEAR_MISS,Potential serious injury precursor,"Vehicle skidded on a wet access road after exceeding the site speed limit, narrowly avoiding a ditch.",Site E (Terminal),Driving / Vehicle Movement,access road,2026-06-27T16:00:00,Maintenance Engineer,HIGH,Driving,train
UNSAFE_CONDITION,Minor administrative item,"Tag lines and rigging were inspected before the lift, the exclusion zone was clearly barricaded, and a dedicated banksman controlled all pedestrian access throughout.",Site C (Gas Processing),Lifting Operation,crane lift zone,2026-03-12T05:00:00,HSE Officer,NON_SIF,Line of Fire,test
NEAR_MISS,Near miss - review recommended,"Supervisor walkdown recorded that A worker briefly entered the exclusion zone near rotating equipment to retrieve a dropped glove, then stepped back out immediately Observed during morning toolbox talk follow-up.",Site C (Gas Processing),General Maintenance,rotating equipment area,2026-04-24T08:00:00,Field Technician,MEDIUM,Line of Fire,test
UNSAFE_CONDITION,Minor administrative item,Weekly fire extinguisher inspection was completed with all units found in date and correctly charged.,Site C (Gas Processing),General Maintenance,process unit,2026-08-08T15:00:00,Maintenance Engineer,NON_SIF,No applicable rule,train
NEAR_MISS,High-risk near miss,Supervisor walkdown recorded that Contractor removed a pressure gauge without confirming the line had been isolated; a small amount of residual gas was released Observed during morning toolbox talk follow-up.,Site B (Pipeline Corridor),Pipeline Maintenance,gas metering skid,2026-07-04T10:00:00,Shift Supervisor,HIGH,Energy Isolation,train
UNSAFE_CONDITION,Minor safety observation,Supervisor walkdown recorded that A fire extinguisher tag at a hot work location showed an inspection date three days overdue; the extinguisher itself was full and functional and was swapped immediately Observed during morning toolbox talk follow-up.,Site A (Upstream E&P),Hot Work,welding bay,2026-04-18T21:00:00,Contractor,LOW,Hot Work,train
UNSAFE_ACT,Barrier verification gap,Permit close-out comment: A driver briefly checked a text message at a stop sign before continuing the journey on the site access road Equipment tag referenced in the PTW package.,Site C (Gas Processing),Driving / Vehicle Movement,site access road,2026-03-04T11:00:00,Shift Supervisor,MEDIUM,Driving,test
UNSAFE_CONDITION,Potential serious injury precursor,Permit close-out comment: Rigging sling showed visible wear but was used anyway during the lift Equipment tag referenced in the PTW package.,Site D (Drilling Rig),Lifting Operation,rigging yard,2026-02-24T01:00:00,Shift Supervisor,HIGH,Safe Mechanical Lifting,train
NEAR_MISS,Barrier verification gap,"Supervisor walkdown recorded that The confined-space entry permit listed an incorrect vessel number, although the vessel actually entered had in fact been gas-tested and isolated beforehand Observed during morning toolbox talk follow-up.",Site B (Pipeline Corridor),Confined Space Entry,separator vessel,2026-03-18T11:00:00,Contractor,MEDIUM,Confined Space,train
